N,P,K,temperature,humidity,ph,rainfall,label
98.37,35.63,37.75,21.56,87.36,6.89,283.83,rice
65.22,45.55,35.3,21.53,85.05,5.07,179.83,rice
98.99,48.62,37.2,24.12,88.09,5.02,270.87,rice
101.89,43.51,36.55,26.7,83.37,5.26,164.51,rice
110.85,50.09,43.07,25.11,85.36,7.72,206.78,rice
93.12,55.74,41.19,26.03,85.77,6.97,156.87,rice
73.67,42.23,35.8,21.63,81.01,5.78,245.35,rice
81.89,44.25,37.1,21.87,89.37,6.81,241.37,rice
70.27,53.23,36.63,22.66,89.9,6.79,233.54,rice
101.08,56.07,42.76,21.6,80.32,5.88,190.16,rice
72.66,58.57,43.76,22.2,86.55,6.11,287.18,rice
87.53,41.62,37.47,23.93,82.63,6.64,284.67,rice
83.96,40.48,44.98,23.57,80.91,5.13,166.45,rice
97.65,54.8,39.22,20.44,83.82,7.79,229.37,rice
118.26,56.52,35.11,25.05,86.82,6.5,190.02,rice
98.46,37.79,39.35,23.18,89.54,7.45,189.51,rice
90.04,39.47,44.13,26.09,82.98,6.79,241.35,rice
69.17,54.06,40.39,25.45,85.3,5.0,198.62,rice
61.17,58.23,43.79,25.82,83.08,5.16,281.7,rice
116.82,37.14,39.86,20.48,87.61,7.14,169.26,rice
88.52,48.75,37.65,26.11,84.23,5.59,230.89,rice
103.8,40.03,38.12,26.97,86.5,6.23,227.64,rice
67.26,40.62,38.38,24.12,82.3,5.62,160.65,rice
97.87,40.72,44.05,26.02,80.71,5.67,250.35,rice
72.85,38.31,44.36,24.0,84.73,7.2,271.12,rice
71.42,37.42,39.31,22.97,84.67,7.04,251.0,rice
119.05,37.46,39.03,22.38,88.62,5.7,178.53,rice
86.92,45.55,37.79,21.75,89.23,6.24,279.2,rice
93.02,36.26,44.99,25.85,89.69,7.59,277.3,rice
69.98,47.14,37.14,22.81,80.59,6.06,297.8,rice
75.91,54.6,39.55,22.96,89.57,7.79,233.37,rice
103.1,38.87,37.97,26.78,85.79,6.52,262.2,rice
63.43,49.6,40.03,25.97,81.57,7.69,162.02,rice
71.15,49.88,41.75,21.65,81.2,7.49,186.93,rice
95.67,50.48,39.19,24.09,85.23,7.62,180.64,rice
102.97,40.97,38.96,24.7,83.0,5.89,262.78,rice
64.35,46.46,44.98,26.97,80.73,5.6,189.78,rice
116.0,57.02,43.79,22.59,81.58,7.33,255.53,rice
96.7,59.68,41.54,20.05,88.17,5.84,249.51,rice
116.34,38.36,36.15,20.75,85.53,5.76,240.72,rice
103.06,40.09,41.34,21.85,84.89,7.53,276.92,rice
65.54,45.59,37.77,20.02,87.71,6.78,189.29,rice
104.47,48.79,39.28,20.07,80.75,7.47,285.59,rice
92.74,55.86,40.83,21.04,81.27,5.86,284.85,rice
107.77,56.52,43.99,21.47,82.5,5.29,267.02,rice
113.05,45.16,41.21,21.08,89.3,7.42,296.43,rice
108.65,57.04,35.25,25.16,83.32,7.61,270.34,rice
111.84,55.27,37.67,25.51,81.08,7.44,278.79,rice
73.35,55.41,39.6,22.14,87.95,5.64,153.55,rice
71.59,43.21,43.64,26.77,82.79,6.8,209.95,rice
118.87,48.41,44.39,20.81,89.7,5.5,294.38,rice
75.93,37.71,39.35,25.1,83.14,6.7,226.71,rice
83.11,49.41,37.55,24.96,80.02,7.59,230.77,rice
103.17,53.55,41.71,22.55,80.7,6.86,199.53,rice
78.83,56.2,42.2,22.1,83.09,6.14,210.36,rice
77.74,38.18,39.2,26.58,86.77,7.53,242.33,rice
78.06,48.7,35.0,22.01,84.3,6.62,248.21,rice
87.9,46.05,37.14,23.31,89.01,7.23,175.45,rice
65.09,47.89,41.33,22.35,88.18,7.1,250.92,rice
73.48,39.98,35.24,21.71,84.75,7.38,160.92,rice
84.87,50.74,36.94,24.87,84.94,5.68,248.41,rice
60.33,53.77,42.7,20.75,84.25,5.49,293.69,rice
91.08,36.26,37.49,25.94,84.56,7.24,250.14,rice
119.27,49.89,44.5,26.24,86.13,7.01,225.72,rice
109.83,48.7,43.97,25.21,84.75,5.73,187.09,rice
98.26,54.15,40.21,24.39,82.75,5.22,192.86,rice
76.3,42.99,40.4,20.97,82.31,6.94,255.96,rice
63.85,45.19,40.43,22.91,82.07,6.18,285.73,rice
95.04,52.39,43.57,25.36,83.8,5.02,202.76,rice
105.21,56.34,44.53,22.93,87.48,6.53,240.49,rice
73.23,40.49,39.36,20.2,83.36,6.9,210.65,rice
69.9,46.68,36.28,24.36,80.27,6.1,234.66,rice
61.63,51.07,36.36,23.23,80.5,6.06,181.75,rice
79.61,54.03,38.79,25.26,88.32,5.71,162.29,rice
61.16,48.49,45.0,22.45,86.5,7.19,247.76,rice
105.25,58.74,36.99,20.14,81.52,5.35,250.42,rice
93.84,40.45,41.99,25.37,81.68,6.7,262.19,rice
66.87,55.48,44.65,20.76,80.26,5.87,251.6,rice
117.49,44.92,42.15,20.53,86.91,6.76,165.29,rice
106.35,56.26,41.0,20.85,89.84,7.19,202.08,rice
85.7,44.26,40.06,22.39,88.5,7.3,165.83,rice
117.65,50.89,43.29,24.95,84.35,7.05,294.82,rice
76.2,55.2,40.38,23.38,84.36,7.05,190.26,rice
111.1,55.77,35.87,26.17,82.44,6.3,241.55,rice
82.74,35.72,43.51,21.27,82.12,7.23,201.05,rice
112.82,52.53,37.76,20.07,89.48,5.24,258.01,rice
89.31,53.95,41.91,24.52,84.91,7.22,163.96,rice
73.3,52.29,38.06,24.07,84.73,6.49,213.83,rice
104.76,43.27,42.03,21.9,82.51,5.34,178.89,rice
67.17,48.4,42.62,21.3,82.16,6.36,258.69,rice
118.6,48.12,37.83,20.7,81.94,5.64,176.92,rice
60.85,48.35,37.74,26.82,85.53,6.95,168.94,rice
112.11,47.27,43.73,24.02,84.69,6.23,177.65,rice
63.08,58.53,39.78,25.75,84.01,5.21,244.42,rice
63.22,38.73,40.63,22.13,89.94,5.33,264.67,rice
96.38,54.77,37.26,23.66,84.51,6.24,279.02,rice
119.4,42.63,41.21,24.27,87.4,7.65,181.17,rice
72.66,51.51,36.57,21.22,80.75,5.01,217.58,rice
95.63,42.28,37.31,24.95,87.03,6.27,253.11,rice
115.43,54.7,41.25,24.63,89.34,6.19,231.68,rice
85.91,57.71,23.27,18.64,58.32,6.12,97.45,maize
82.77,42.22,16.24,24.2,68.99,7.39,85.02,maize
79.75,37.01,15.4,21.89,61.45,6.0,64.57,maize
98.48,55.9,20.75,26.56,74.99,6.84,73.48,maize
61.61,53.91,19.71,23.86,73.32,5.86,89.27,maize
85.39,47.29,15.91,21.13,61.67,6.84,102.89,maize
73.19,52.34,17.88,26.51,71.27,6.6,82.74,maize
72.58,43.08,24.7,21.64,65.29,7.48,92.88,maize
81.7,45.33,16.88,21.26,70.13,6.75,98.0,maize
68.14,48.73,24.28,21.94,68.97,5.74,108.66,maize
84.35,40.98,16.58,22.96,66.05,5.69,109.61,maize
96.52,46.54,16.17,25.49,64.97,6.93,85.44,maize
70.94,55.87,24.8,20.19,66.03,6.27,106.09,maize
80.33,56.98,23.64,20.49,70.8,6.33,106.71,maize
80.31,55.51,17.83,20.69,66.74,7.5,84.48,maize
65.94,48.46,18.45,22.97,65.87,6.41,76.09,maize
67.55,52.44,20.72,20.1,70.51,5.59,97.24,maize
88.21,55.29,18.86,23.97,71.41,7.46,84.77,maize
61.48,47.56,20.9,25.83,72.48,6.38,86.3,maize
78.28,53.06,19.1,23.89,58.09,6.44,108.46,maize
73.54,52.32,21.5,25.67,72.05,7.22,79.0,maize
72.67,52.97,22.59,25.85,55.72,5.64,91.56,maize
96.84,59.94,22.47,21.91,56.97,6.77,103.63,maize
77.75,52.35,24.03,18.41,70.92,6.09,78.74,maize
65.82,48.28,20.66,25.13,58.4,5.66,103.54,maize
84.79,41.02,24.13,19.29,64.22,6.01,72.77,maize
60.38,55.12,24.01,24.1,58.16,6.38,77.28,maize
83.5,50.97,19.24,20.25,71.91,5.9,79.23,maize
79.33,40.93,20.72,23.17,74.85,6.09,108.9,maize
86.33,41.86,20.66,24.17,69.89,5.6,90.32,maize
79.87,57.6,17.86,25.19,67.14,6.2,91.83,maize
84.84,51.94,22.21,23.93,71.77,6.76,105.17,maize
85.85,42.72,19.41,23.22,69.65,5.68,74.76,maize
89.9,39.39,16.32,22.85,74.43,6.56,105.67,maize
93.22,41.42,23.25,22.34,71.13,6.99,76.94,maize
64.61,59.07,16.41,26.7,72.2,6.95,109.0,maize
98.69,55.11,18.66,25.12,55.28,6.57,82.74,maize
86.91,51.81,20.85,25.4,73.81,5.72,71.69,maize
61.0,57.11,20.61,26.24,59.43,5.63,101.19,maize
96.38,42.55,19.08,19.26,73.93,6.11,84.63,maize
63.89,57.18,16.36,22.08,68.41,6.99,107.3,maize
76.77,53.56,16.55,21.73,56.98,6.48,80.41,maize
98.06,35.82,18.71,21.99,74.01,7.21,64.97,maize
87.43,48.61,24.78,21.23,62.96,5.88,66.11,maize
93.92,46.37,21.63,23.78,66.94,5.54,99.34,maize
69.74,38.15,20.65,18.62,70.3,5.91,70.8,maize
94.79,43.21,16.48,26.1,55.06,7.22,67.23,maize
65.2,41.27,16.74,23.95,55.52,5.53,99.5,maize
69.52,43.09,16.74,18.47,69.83,6.55,97.28,maize
79.05,54.45,20.13,18.98,65.08,7.39,62.17,maize
91.33,56.67,20.21,22.12,74.28,5.62,83.95,maize
76.06,52.15,19.9,26.19,56.47,5.66,90.41,maize
62.63,41.88,21.33,22.94,61.5,7.49,86.53,maize
78.15,50.14,15.99,24.32,72.06,6.8,98.45,maize
88.83,40.38,19.52,20.06,61.78,6.41,80.8,maize
63.8,45.67,21.65,21.37,58.05,7.35,63.36,maize
93.27,37.33,15.97,24.65,71.24,6.61,89.32,maize
82.46,43.24,16.22,21.18,68.31,7.0,103.4,maize
88.84,59.21,21.0,21.16,66.56,5.93,92.84,maize
68.97,37.71,23.45,21.31,70.25,6.65,100.36,maize
93.81,59.36,23.18,23.52,67.85,5.55,106.45,maize
93.18,41.69,16.8,24.32,61.18,6.18,60.31,maize
94.79,49.16,19.01,19.28,67.66,5.56,97.31,maize
68.61,45.5,18.41,21.33,69.43,7.05,88.38,maize
63.4,36.32,16.57,23.56,68.48,6.04,93.1,maize
79.43,46.05,17.73,24.79,57.28,6.36,74.16,maize
87.14,47.17,21.67,18.41,62.91,6.7,60.38,maize
72.06,40.28,16.37,20.3,61.56,5.52,97.35,maize
67.03,44.51,22.04,22.5,71.67,7.11,63.6,maize
94.47,36.06,15.19,26.29,72.24,6.65,88.67,maize
88.38,45.44,16.15,18.19,61.5,7.1,90.91,maize
93.28,57.99,15.88,25.6,59.87,6.68,86.2,maize
75.83,42.76,18.4,21.0,58.36,6.52,65.7,maize
80.4,57.65,18.49,24.55,71.38,7.13,71.81,maize
65.86,39.93,21.02,24.84,68.11,5.85,98.64,maize
79.76,53.86,22.6,22.04,73.48,6.63,91.76,maize
84.98,56.61,21.27,19.36,56.37,6.38,75.14,maize
70.99,36.4,20.07,20.79,64.04,5.61,101.58,maize
63.07,56.61,23.55,23.54,65.14,6.43,87.72,maize
91.67,57.4,19.5,25.29,68.04,6.14,83.78,maize
66.03,36.55,16.04,26.09,61.87,6.93,85.23,maize
66.9,41.19,19.38,21.95,65.45,5.82,78.64,maize
71.32,45.22,18.38,23.38,70.78,6.79,63.3,maize
63.78,51.96,17.84,24.51,68.13,7.31,103.66,maize
73.33,49.57,16.41,21.15,74.35,6.9,79.6,maize
83.8,58.45,18.1,21.39,70.83,7.13,93.51,maize
93.16,53.47,21.85,22.74,67.92,6.35,78.09,maize
74.5,39.51,17.14,26.53,64.73,5.95,66.88,maize
63.09,56.11,16.01,24.94,71.7,7.27,61.89,maize
73.47,54.16,16.31,21.39,58.24,7.16,98.55,maize
92.36,39.14,19.38,21.7,68.53,5.98,82.21,maize
71.4,53.71,19.49,22.81,61.19,7.12,83.45,maize
93.4,44.2,24.47,26.86,64.23,6.06,79.09,maize
81.1,59.16,23.17,25.21,57.77,6.0,92.06,maize
94.96,48.86,16.03,25.61,72.02,6.07,98.16,maize
70.91,57.63,16.47,21.94,73.93,5.94,82.56,maize
73.98,35.67,15.53,22.52,59.72,7.49,78.75,maize
61.13,58.27,23.39,23.85,70.83,5.78,74.34,maize
93.19,52.4,16.39,24.35,63.97,5.51,63.96,maize
70.24,55.87,20.49,24.55,65.56,5.72,74.41,maize
32.05,56.19,79.2,20.97,16.74,6.28,92.15,chickpea
43.87,55.41,80.15,18.21,14.86,7.07,83.44,chickpea
29.62,65.41,81.64,17.43,19.85,6.17,80.78,chickpea
40.29,79.71,80.54,18.95,16.82,7.59,94.43,chickpea
30.15,55.41,82.89,18.72,18.4,7.57,88.15,chickpea
49.41,63.31,75.44,19.73,18.88,6.44,88.37,chickpea
38.58,72.38,81.32,21.06,14.38,7.94,78.73,chickpea
31.74,56.1,76.99,17.21,19.6,7.29,94.67,chickpea
41.72,61.33,82.53,17.96,16.14,7.95,90.97,chickpea
33.28,58.11,78.68,21.45,18.46,8.24,76.6,chickpea
58.95,67.41,79.98,21.62,17.12,8.0,86.81,chickpea
23.16,70.06,83.22,19.73,15.93,6.2,84.83,chickpea
32.26,70.07,79.26,20.45,16.11,6.11,91.1,chickpea
34.1,79.95,77.75,21.9,19.69,6.19,84.13,chickpea
34.53,75.03,81.79,21.76,14.86,7.52,88.44,chickpea
21.39,56.68,82.79,18.83,16.3,7.42,83.15,chickpea
47.16,78.72,78.72,20.82,17.44,7.32,76.94,chickpea
45.98,61.24,76.13,20.68,16.99,6.97,81.85,chickpea
30.47,61.51,79.46,21.98,15.71,8.29,79.74,chickpea
24.91,76.32,79.52,21.49,16.67,6.22,85.46,chickpea
53.82,62.99,78.47,17.32,17.25,8.23,90.54,chickpea
48.47,78.18,81.38,20.97,17.05,6.3,71.03,chickpea
25.56,74.76,75.26,19.77,16.21,8.01,81.55,chickpea
44.48,57.16,78.09,22.0,18.31,7.31,88.07,chickpea
52.93,56.84,84.72,20.21,16.7,7.7,75.34,chickpea
55.12,74.51,81.4,17.91,19.8,7.08,92.32,chickpea
22.22,58.1,76.53,17.82,15.94,7.77,75.38,chickpea
57.64,77.37,83.46,18.25,17.81,7.38,68.76,chickpea
32.11,68.34,80.03,17.84,19.65,6.39,84.76,chickpea
48.83,70.13,83.43,19.82,18.95,6.07,66.36,chickpea
45.66,69.42,81.51,20.83,16.5,7.6,79.94,chickpea
45.09,62.24,84.57,19.41,18.83,7.71,73.92,chickpea
22.92,56.5,79.4,19.42,15.22,7.52,74.38,chickpea
48.73,73.35,83.61,21.88,14.78,6.93,81.85,chickpea
32.76,66.66,77.67,18.24,14.58,6.73,76.52,chickpea
44.62,61.21,83.65,17.8,15.96,7.44,74.38,chickpea
50.52,67.46,80.15,19.49,15.85,6.06,93.36,chickpea
40.22,79.17,77.15,18.76,14.3,7.24,91.47,chickpea
46.17,66.76,80.37,21.24,16.59,8.21,86.83,chickpea
50.55,64.15,79.01,19.85,15.17,7.38,67.21,chickpea
40.17,74.11,77.8,21.95,18.08,6.3,94.25,chickpea
35.76,74.87,78.39,21.69,18.53,6.5,80.27,chickpea
40.0,56.13,76.37,18.67,16.84,7.14,83.19,chickpea
40.62,63.2,81.13,17.81,19.94,7.85,73.98,chickpea
33.45,75.71,80.32,20.54,15.8,8.04,76.05,chickpea
46.95,79.5,80.84,20.98,18.35,7.72,65.8,chickpea
38.98,79.18,82.83,20.88,17.47,7.8,82.51,chickpea
26.82,70.73,81.2,21.21,14.89,7.7,65.95,chickpea
57.93,57.75,75.19,18.57,14.91,7.73,77.31,chickpea
51.0,78.01,83.73,20.68,14.37,6.35,71.22,chickpea
33.0,71.56,80.25,18.57,15.04,8.28,75.27,chickpea
34.17,74.3,82.21,20.22,18.16,7.53,70.77,chickpea
29.86,68.95,77.25,21.86,15.79,6.72,71.22,chickpea
48.2,62.93,78.49,21.67,18.77,6.68,68.66,chickpea
47.06,64.49,84.8,21.09,19.73,8.01,73.71,chickpea
31.51,72.85,78.46,19.21,15.54,7.2,71.06,chickpea
41.54,78.33,81.96,17.69,17.69,7.47,72.27,chickpea
46.79,68.28,81.38,17.26,16.48,7.79,68.02,chickpea
50.83,55.13,80.5,21.65,16.44,8.34,91.35,chickpea
39.1,59.99,84.64,18.61,17.88,8.27,67.68,chickpea
42.97,68.38,82.23,21.68,19.48,6.44,91.47,chickpea
27.03,77.99,84.97,18.98,16.97,8.34,93.86,chickpea
57.04,76.92,75.09,19.84,14.64,8.46,73.54,chickpea
59.56,68.58,79.94,21.69,19.11,7.17,70.78,chickpea
24.51,59.06,79.59,18.29,15.12,7.84,88.72,chickpea
42.71,73.93,76.75,21.28,19.38,8.07,80.46,chickpea
23.47,71.73,76.85,17.7,15.94,6.62,72.82,chickpea
29.42,73.84,84.54,18.51,18.34,6.03,84.61,chickpea
47.71,56.55,76.18,18.53,16.43,7.26,91.85,chickpea
48.14,62.77,76.17,21.58,15.77,7.54,71.57,chickpea
25.34,58.83,82.48,20.03,16.5,7.37,79.12,chickpea
41.5,71.6,77.18,18.24,18.53,8.18,67.46,chickpea
37.87,72.59,75.78,19.82,14.37,7.37,80.16,chickpea
42.91,58.75,78.28,19.6,14.7,6.51,82.49,chickpea
23.64,67.76,83.09,19.27,17.08,7.14,66.73,chickpea
38.5,75.17,82.23,18.98,18.9,7.86,82.35,chickpea
21.81,63.61,75.64,21.97,19.61,6.17,93.01,chickpea
21.27,65.22,82.69,20.83,19.87,7.61,77.61,chickpea
59.71,64.56,83.7,21.53,16.25,7.71,84.85,chickpea
41.57,71.34,78.48,17.89,17.22,7.32,86.84,chickpea
28.91,55.09,75.23,18.49,18.04,7.36,80.96,chickpea
52.93,61.19,78.46,18.38,19.62,7.81,68.39,chickpea
52.38,65.48,82.66,21.42,14.09,6.52,68.03,chickpea
21.34,69.94,82.03,17.24,18.44,7.01,72.03,chickpea
28.69,76.59,75.56,19.52,15.74,8.04,86.95,chickpea
32.76,69.95,81.73,18.6,15.81,6.36,84.81,chickpea
28.84,62.51,75.61,21.74,19.28,8.28,83.78,chickpea
37.09,67.39,84.72,21.71,18.03,7.96,74.56,chickpea
36.65,58.73,78.76,20.77,16.84,8.12,74.02,chickpea
48.3,75.14,84.15,19.81,19.81,7.39,69.02,chickpea
29.71,60.08,81.47,21.61,19.08,6.23,86.74,chickpea
27.62,61.71,81.74,20.01,19.24,6.47,87.85,chickpea
48.97,68.97,79.79,21.35,16.0,8.39,65.46,chickpea
57.49,79.05,76.17,22.0,16.87,6.61,83.13,chickpea
28.18,77.88,80.52,20.88,16.28,7.33,75.78,chickpea
30.46,67.82,79.97,17.49,19.89,7.17,90.19,chickpea
56.57,64.27,79.14,19.81,15.33,6.36,72.82,chickpea
57.39,69.48,79.18,17.76,15.98,6.95,90.0,chickpea
39.97,71.37,81.85,18.29,18.93,8.42,84.25,chickpea
39.62,59.21,82.95,17.85,18.32,7.22,92.51,chickpea
28.55,71.05,15.59,15.3,23.93,5.97,120.14,kidneybeans
34.11,65.31,23.43,17.08,22.95,5.5,105.52,kidneybeans
24.33,70.45,21.67,20.55,21.38,5.74,60.6,kidneybeans
28.79,55.3,20.29,17.47,24.84,5.51,133.18,kidneybeans
31.85,75.15,24.1,15.96,18.67,5.57,77.27,kidneybeans
28.16,75.38,17.67,18.57,20.61,5.7,110.85,kidneybeans
39.76,60.65,21.84,22.63,22.58,5.93,128.36,kidneybeans
17.34,64.48,20.53,15.51,18.07,5.59,104.99,kidneybeans
25.85,74.61,20.66,22.72,18.67,5.76,63.83,kidneybeans
20.29,76.7,23.88,19.28,18.33,5.54,143.3,kidneybeans
37.48,69.09,15.33,23.36,20.2,5.98,112.83,kidneybeans
33.81,72.82,18.98,15.69,19.14,5.62,135.12,kidneybeans
24.73,77.41,18.32,21.8,18.98,5.99,125.17,kidneybeans
27.52,79.36,15.54,18.93,23.87,5.67,129.21,kidneybeans
38.87,64.92,22.74,15.27,19.91,6.0,104.15,kidneybeans
23.9,78.53,19.32,21.12,22.62,5.54,115.68,kidneybeans
34.95,72.83,15.82,16.39,22.98,5.82,126.57,kidneybeans
22.92,57.66,15.05,17.77,20.52,5.63,71.93,kidneybeans
19.68,66.22,20.55,18.67,18.18,5.68,68.38,kidneybeans
29.95,63.11,18.85,17.63,20.71,5.54,141.1,kidneybeans
37.63,79.45,20.72,16.53,20.67,5.57,87.1,kidneybeans
27.33,56.58,19.35,18.79,21.39,5.54,82.65,kidneybeans
21.16,70.63,20.94,16.76,18.75,5.65,145.39,kidneybeans
23.31,70.5,23.04,17.97,20.34,5.91,137.36,kidneybeans
39.36,58.4,18.21,23.53,19.41,5.66,146.81,kidneybeans
39.22,62.29,21.95,19.42,22.03,5.62,93.84,kidneybeans
35.41,64.82,16.14,20.07,22.15,5.77,121.35,kidneybeans
28.75,78.83,19.62,21.38,21.07,5.65,122.36,kidneybeans
35.47,74.89,19.09,19.49,22.43,5.62,119.28,kidneybeans
32.88,74.73,15.74,23.92,21.35,5.7,105.6,kidneybeans
38.01,72.29,20.44,22.12,20.52,5.95,108.32,kidneybeans
30.95,57.12,22.69,20.92,20.49,5.82,63.99,kidneybeans
39.59,71.94,19.0,21.77,24.76,5.72,60.95,kidneybeans
21.47,67.77,20.19,20.22,22.03,5.72,95.2,kidneybeans
34.31,69.71,20.0,18.1,18.17,5.55,97.44,kidneybeans
39.04,57.9,24.41,16.28,20.18,5.73,78.62,kidneybeans
27.07,66.9,19.38,21.27,20.23,5.65,132.92,kidneybeans
17.88,76.23,21.48,21.09,19.15,5.99,81.95,kidneybeans
19.36,59.0,20.6,23.63,19.62,5.7,76.6,kidneybeans
31.01,65.8,15.29,20.53,19.38,5.8,95.0,kidneybeans
32.62,60.14,22.52,22.28,18.44,5.55,138.48,kidneybeans
19.67,63.15,19.58,17.36,24.04,5.76,117.52,kidneybeans
29.92,70.28,20.87,18.13,23.92,5.81,133.24,kidneybeans
32.65,62.44,21.14,15.76,18.94,5.56,87.48,kidneybeans
19.58,72.34,20.11,18.76,18.97,5.69,76.72,kidneybeans
30.89,72.34,21.45,24.0,21.88,5.74,72.63,kidneybeans
22.86,66.28,15.54,18.23,18.07,5.57,133.37,kidneybeans
39.1,67.64,19.95,21.16,20.91,5.92,103.98,kidneybeans
17.07,55.77,22.61,17.63,19.92,5.77,75.14,kidneybeans
26.43,73.56,22.66,19.95,18.79,5.56,129.76,kidneybeans
35.58,64.17,23.23,15.37,23.03,5.77,149.08,kidneybeans
17.56,75.75,22.51,17.68,25.0,5.72,91.37,kidneybeans
35.42,65.98,24.94,21.98,19.66,5.91,112.91,kidneybeans
23.77,72.77,21.33,16.49,18.97,5.6,78.62,kidneybeans
16.48,63.77,17.81,19.85,20.27,5.85,86.04,kidneybeans
21.68,76.45,24.85,21.11,18.67,5.98,130.71,kidneybeans
37.97,79.81,23.67,16.14,24.06,5.62,124.03,kidneybeans
35.71,74.04,21.76,19.41,22.04,5.63,97.28,kidneybeans
26.3,70.84,23.8,15.84,21.61,5.64,144.27,kidneybeans
24.23,78.76,18.27,15.02,23.42,5.87,125.78,kidneybeans
26.46,71.6,18.58,15.57,21.74,5.61,98.67,kidneybeans
20.3,61.71,23.28,18.04,22.05,5.78,103.68,kidneybeans
23.59,72.06,15.48,15.9,23.49,5.73,71.18,kidneybeans
36.44,66.03,15.01,23.62,19.42,5.84,71.87,kidneybeans
31.25,58.97,24.33,17.47,22.58,5.63,93.47,kidneybeans
37.6,59.14,18.96,17.75,22.9,5.62,118.99,kidneybeans
32.59,55.03,19.77,16.19,19.58,5.84,60.84,kidneybeans
32.39,75.43,24.88,18.8,18.93,5.54,94.48,kidneybeans
33.27,57.56,18.13,22.93,18.96,5.89,127.78,kidneybeans
18.33,79.82,16.43,19.77,18.06,5.83,99.61,kidneybeans
33.06,70.7,16.51,18.71,22.81,5.93,67.8,kidneybeans
17.51,73.81,20.9,18.46,24.74,5.66,72.58,kidneybeans
21.92,57.11,20.53,20.4,22.25,5.89,122.14,kidneybeans
36.2,71.46,18.02,19.66,21.57,5.87,86.6,kidneybeans
16.36,77.45,24.55,19.45,18.79,5.75,113.45,kidneybeans
28.21,79.44,24.87,23.41,18.92,5.93,111.15,kidneybeans
24.14,72.07,22.63,23.59,23.39,5.51,66.08,kidneybeans
21.55,56.0,15.6,22.1,21.55,5.81,105.09,kidneybeans
25.39,72.55,15.82,19.83,22.31,5.64,87.89,kidneybeans
27.78,60.08,23.08,19.83,20.74,5.82,135.11,kidneybeans
32.03,56.65,21.99,21.57,23.93,5.53,67.76,kidneybeans
25.86,66.33,21.09,17.78,23.19,5.87,70.75,kidneybeans
32.7,72.54,16.64,23.58,21.66,5.89,124.87,kidneybeans
19.17,58.17,22.81,17.42,24.2,5.89,62.64,kidneybeans
35.18,61.8,15.64,21.41,22.04,5.54,100.97,kidneybeans
24.0,67.49,20.67,18.31,19.79,5.55,111.65,kidneybeans
33.07,60.71,20.09,15.4,24.04,5.62,102.46,kidneybeans
24.57,58.75,24.31,22.72,21.87,5.96,126.66,kidneybeans
25.48,63.05,19.16,21.48,19.9,5.54,93.55,kidneybeans
27.55,77.55,16.79,22.24,24.87,5.98,66.2,kidneybeans
26.63,62.06,23.45,17.95,21.87,5.5,78.06,kidneybeans
29.1,62.6,21.23,19.18,22.14,5.75,129.54,kidneybeans
19.89,77.51,22.6,17.21,18.04,5.71,80.97,kidneybeans
23.66,75.99,23.77,23.56,18.01,5.83,136.41,kidneybeans
33.18,57.6,20.3,17.14,21.44,5.53,149.73,kidneybeans
32.79,57.33,24.21,23.08,21.64,5.85,93.52,kidneybeans
39.36,57.12,15.96,16.2,23.74,5.54,111.1,kidneybeans
25.87,79.11,17.37,17.35,20.21,5.9,123.07,kidneybeans
33.38,62.95,17.72,15.67,19.42,5.89,112.62,kidneybeans
18.89,59.11,19.66,18.66,21.75,5.98,78.69,kidneybeans
22.71,61.63,16.2,21.15,57.44,6.98,166.66,pigeonpeas
16.01,75.9,18.28,19.82,39.93,5.57,146.48,pigeonpeas
31.93,61.5,24.91,18.62,46.18,5.86,172.29,pigeonpeas
21.25,66.55,23.04,20.8,30.48,6.99,198.08,pigeonpeas
18.27,75.59,18.72,30.61,55.79,6.25,118.47,pigeonpeas
35.32,55.55,15.64,36.05,47.74,4.89,189.56,pigeonpeas
35.73,63.29,15.43,27.22,36.72,6.22,180.39,pigeonpeas
24.87,55.74,21.83,21.46,38.59,5.06,120.78,pigeonpeas
37.09,55.87,21.19,22.92,41.8,5.74,150.58,pigeonpeas
16.52,61.99,16.37,21.99,65.39,6.08,159.38,pigeonpeas
35.05,74.87,24.89,33.64,44.36,6.13,143.31,pigeonpeas
37.82,67.56,18.88,21.6,42.76,5.16,188.53,pigeonpeas
34.46,56.46,24.92,28.59,60.67,7.5,197.14,pigeonpeas
17.5,71.42,17.67,34.33,66.69,4.67,199.6,pigeonpeas
20.49,76.16,22.97,25.1,63.57,7.04,109.37,pigeonpeas
29.81,75.16,21.98,36.28,31.13,6.6,194.23,pigeonpeas
29.09,69.08,16.88,37.76,65.27,5.98,124.0,pigeonpeas
27.26,57.26,17.33,22.38,51.06,4.5,190.97,pigeonpeas
20.04,58.26,22.17,36.38,63.77,5.47,92.41,pigeonpeas
29.67,77.93,22.74,34.93,64.43,7.38,131.09,pigeonpeas
38.55,64.89,16.01,24.04,35.46,4.97,194.36,pigeonpeas
34.8,79.02,21.49,21.48,68.75,6.58,192.17,pigeonpeas
34.67,60.58,20.89,21.51,42.27,6.57,104.01,pigeonpeas
33.22,78.72,24.49,25.83,69.77,7.4,93.56,pigeonpeas
30.06,78.03,24.68,22.42,52.62,7.31,105.47,pigeonpeas
33.63,60.95,24.82,21.36,65.41,4.77,167.99,pigeonpeas
30.98,77.17,19.47,23.3,39.98,4.7,118.23,pigeonpeas
17.7,55.03,18.86,32.65,68.76,7.15,144.24,pigeonpeas
24.47,68.65,16.01,27.59,64.56,6.45,165.59,pigeonpeas
19.07,56.84,23.46,23.9,42.75,7.35,98.16,pigeonpeas
19.25,64.39,22.32,28.94,65.92,4.78,155.34,pigeonpeas
30.34,67.07,15.31,36.85,36.6,7.17,107.28,pigeonpeas
17.53,60.14,16.9,31.94,58.88,6.69,119.18,pigeonpeas
22.04,60.94,15.5,29.44,63.59,4.96,129.69,pigeonpeas
25.69,62.36,21.62,30.0,37.99,4.58,108.79,pigeonpeas
22.3,57.05,23.44,24.17,45.9,5.97,162.71,pigeonpeas
17.28,68.6,16.85,35.71,44.78,5.84,118.96,pigeonpeas
26.63,60.66,17.69,19.23,60.09,6.5,99.43,pigeonpeas
23.59,68.54,24.71,29.79,52.14,7.02,180.02,pigeonpeas
25.47,68.39,23.67,27.5,65.27,5.93,98.69,pigeonpeas
37.57,72.86,20.02,36.01,62.02,6.53,158.23,pigeonpeas
18.01,73.93,16.73,37.69,68.89,6.93,103.88,pigeonpeas
25.58,79.71,19.35,37.95,55.09,7.0,118.37,pigeonpeas
37.77,77.85,15.67,25.76,45.89,5.48,120.38,pigeonpeas
26.45,76.84,22.87,30.46,50.9,5.76,135.59,pigeonpeas
18.7,69.7,22.58,36.79,67.0,6.19,101.11,pigeonpeas
22.15,68.39,18.44,26.22,45.32,5.96,156.99,pigeonpeas
15.94,61.89,16.44,30.17,57.75,4.62,187.85,pigeonpeas
23.29,60.94,22.46,36.42,65.88,4.56,179.91,pigeonpeas
22.58,62.01,19.92,31.92,33.93,7.11,104.78,pigeonpeas
39.36,66.08,23.26,23.39,46.67,6.44,110.67,pigeonpeas
20.28,75.6,22.41,33.19,64.69,6.96,146.68,pigeonpeas
18.97,62.78,20.07,20.71,64.05,7.14,93.18,pigeonpeas
19.82,75.82,23.37,22.99,48.26,7.25,167.51,pigeonpeas
21.85,75.59,20.05,30.71,34.95,4.59,130.97,pigeonpeas
29.85,59.44,23.7,29.74,43.99,4.99,188.39,pigeonpeas
33.72,72.22,17.85,25.73,36.52,6.22,196.14,pigeonpeas
36.43,71.18,21.78,23.38,46.38,4.56,175.83,pigeonpeas
34.19,55.22,24.12,30.95,54.05,4.53,117.76,pigeonpeas
35.13,62.64,24.67,30.85,46.95,5.63,128.36,pigeonpeas
21.3,66.67,21.77,34.49,45.89,4.81,146.27,pigeonpeas
31.56,76.08,18.74,30.95,54.36,5.4,101.89,pigeonpeas
16.6,79.71,21.41,35.23,40.45,6.63,188.16,pigeonpeas
22.47,58.75,22.65,35.99,62.22,6.91,156.0,pigeonpeas
31.51,72.02,22.21,31.11,69.9,5.28,136.04,pigeonpeas
24.71,55.88,22.08,29.44,37.6,6.68,114.46,pigeonpeas
28.37,74.62,24.07,31.44,50.29,7.04,182.47,pigeonpeas
36.91,59.53,15.98,20.56,40.35,6.93,173.92,pigeonpeas
19.58,71.99,18.36,19.79,44.21,6.73,123.78,pigeonpeas
34.7,63.28,17.61,23.88,64.05,5.91,185.3,pigeonpeas
29.59,78.61,15.71,35.79,50.02,7.1,131.98,pigeonpeas
22.46,56.35,23.54,20.75,38.01,5.73,152.63,pigeonpeas
37.67,66.44,18.16,32.31,61.16,5.96,159.41,pigeonpeas
19.42,70.86,15.05,23.47,60.45,5.01,174.09,pigeonpeas
27.24,74.09,15.88,30.29,55.34,5.71,196.19,pigeonpeas
24.58,55.94,16.99,25.46,30.56,5.47,181.66,pigeonpeas
19.76,71.92,21.27,22.98,57.74,5.53,104.18,pigeonpeas
24.59,69.72,16.67,34.48,41.93,5.37,170.06,pigeonpeas
29.91,63.45,23.88,37.91,43.71,7.2,129.52,pigeonpeas
19.71,78.7,24.18,26.07,39.14,6.68,104.43,pigeonpeas
33.35,69.74,16.69,25.33,56.02,4.61,186.42,pigeonpeas
21.39,68.37,15.49,37.89,56.48,6.46,92.17,pigeonpeas
32.24,65.42,18.8,28.95,48.98,4.96,166.47,pigeonpeas
30.76,62.53,21.62,31.25,40.8,6.32,105.09,pigeonpeas
35.77,57.62,22.19,20.35,34.56,4.82,111.85,pigeonpeas
19.99,61.57,20.23,22.03,58.14,5.39,94.33,pigeonpeas
27.41,60.19,24.33,24.61,30.11,6.51,189.76,pigeonpeas
35.88,71.73,16.49,19.8,50.47,6.67,101.14,pigeonpeas
21.4,60.78,24.89,23.92,48.57,4.8,109.22,pigeonpeas
15.99,62.26,23.02,24.25,59.54,4.78,173.4,pigeonpeas
16.15,76.3,21.63,21.41,44.3,5.81,158.4,pigeonpeas
36.96,57.32,23.15,21.66,46.03,7.39,119.9,pigeonpeas
24.64,76.27,23.0,30.98,61.88,4.84,166.58,pigeonpeas
16.47,78.56,16.59,26.32,53.63,6.91,164.62,pigeonpeas
19.53,64.49,18.59,18.58,57.38,7.02,197.08,pigeonpeas
18.27,78.01,16.13,26.23,31.84,5.28,124.57,pigeonpeas
32.61,71.95,22.68,29.53,52.6,7.43,163.68,pigeonpeas
23.46,68.08,22.01,19.9,56.47,5.25,128.03,pigeonpeas
31.91,64.62,23.39,29.17,69.51,4.66,160.77,pigeonpeas
18.92,76.22,23.52,35.39,32.99,5.97,116.5,pigeonpeas
38.81,36.26,17.23,29.15,50.08,5.03,48.36,mothbeans
32.05,46.2,23.57,27.58,42.97,6.73,56.13,mothbeans
4.11,45.31,20.57,24.0,42.27,7.43,54.76,mothbeans
12.18,47.71,17.07,29.37,63.76,5.86,32.17,mothbeans
8.92,46.36,20.6,28.96,51.83,7.77,58.64,mothbeans
4.56,53.98,17.22,26.73,60.75,9.77,41.68,mothbeans
20.88,52.55,15.46,25.31,43.51,8.16,58.86,mothbeans
4.28,50.27,16.88,31.44,49.82,6.47,61.26,mothbeans
28.67,37.69,19.14,31.41,60.94,7.33,60.89,mothbeans
18.02,51.46,24.56,25.08,52.47,6.95,31.94,mothbeans
37.41,55.97,19.83,28.07,63.03,4.65,53.14,mothbeans
29.22,38.21,18.87,28.8,62.07,6.78,45.39,mothbeans
39.18,57.9,22.62,26.19,64.09,9.81,48.11,mothbeans
5.33,45.32,22.0,29.99,47.47,8.06,64.43,mothbeans
28.47,58.39,21.33,25.61,55.6,5.39,43.81,mothbeans
26.89,59.53,21.5,31.67,52.6,8.01,42.9,mothbeans
4.62,43.81,19.8,28.57,56.68,6.21,59.91,mothbeans
33.66,42.15,23.47,30.47,53.07,3.66,35.81,mothbeans
26.81,40.0,22.5,25.29,47.17,5.13,63.58,mothbeans
27.62,42.38,22.54,24.26,60.35,4.17,64.72,mothbeans
29.58,56.62,22.42,28.49,45.94,8.6,61.95,mothbeans
11.51,51.61,24.26,27.1,63.92,9.84,42.51,mothbeans
22.08,35.32,17.51,28.96,59.52,9.16,63.2,mothbeans
36.46,52.62,21.48,30.04,53.67,7.42,61.05,mothbeans
38.57,42.35,16.77,29.46,44.67,4.63,50.55,mothbeans
15.09,45.71,20.57,25.04,54.6,5.16,43.22,mothbeans
28.39,38.87,16.54,26.58,41.27,9.56,54.62,mothbeans
26.48,47.26,20.73,26.86,59.6,5.57,38.8,mothbeans
7.35,36.7,20.05,27.33,53.43,4.1,38.85,mothbeans
8.53,43.3,18.61,25.75,58.82,6.95,69.87,mothbeans
32.95,59.53,15.09,29.35,51.14,9.38,54.55,mothbeans
24.85,58.97,21.83,26.57,62.9,9.64,45.44,mothbeans
21.61,42.07,24.11,30.58,49.37,8.72,47.82,mothbeans
1.75,57.46,16.93,28.11,63.71,4.59,68.25,mothbeans
21.52,35.18,15.65,29.36,59.34,9.12,46.97,mothbeans
4.16,48.44,22.03,31.81,59.38,7.7,67.59,mothbeans
29.88,38.84,19.59,26.65,42.19,3.85,61.77,mothbeans
22.32,49.37,17.28,26.07,49.7,7.6,47.32,mothbeans
0.68,51.83,20.35,29.13,55.46,8.41,53.42,mothbeans
28.04,36.81,24.28,24.85,59.67,5.46,33.46,mothbeans
30.61,45.94,18.95,29.29,51.85,6.97,35.46,mothbeans
15.64,54.94,20.46,31.68,43.6,7.9,66.57,mothbeans
31.8,53.23,18.73,31.6,53.84,7.11,34.93,mothbeans
0.2,49.92,20.37,31.58,47.62,8.36,66.14,mothbeans
13.75,45.32,21.46,28.1,44.02,4.94,63.39,mothbeans
7.77,39.53,23.0,30.82,61.28,9.56,69.77,mothbeans
18.45,48.74,17.91,24.54,42.46,8.22,49.49,mothbeans
13.23,38.21,21.55,24.8,55.49,9.35,42.71,mothbeans
18.03,50.41,18.06,28.67,54.14,5.87,42.65,mothbeans
17.13,35.12,17.46,25.77,58.5,6.33,63.6,mothbeans
5.37,53.32,23.78,27.7,48.97,5.49,52.07,mothbeans
7.03,50.17,23.42,30.87,43.5,7.0,40.53,mothbeans
35.45,36.91,15.75,24.15,52.68,3.7,53.28,mothbeans
16.21,49.75,24.06,28.41,53.59,9.99,48.88,mothbeans
31.01,44.15,17.23,30.18,58.33,5.39,48.59,mothbeans
20.42,44.92,20.02,29.3,61.2,8.74,54.56,mothbeans
6.63,47.85,19.46,25.43,63.72,7.79,68.71,mothbeans
29.44,47.09,18.59,25.75,52.19,3.91,44.78,mothbeans
1.71,40.17,24.08,26.89,51.74,6.46,31.86,mothbeans
39.22,43.1,22.04,28.17,60.74,8.93,40.53,mothbeans
21.77,39.35,21.54,26.92,56.33,8.93,50.67,mothbeans
15.05,57.68,20.16,26.82,61.69,6.66,49.28,mothbeans
24.17,47.55,16.39,25.32,41.93,7.68,38.46,mothbeans
7.48,44.06,22.17,24.95,45.76,8.77,58.81,mothbeans
19.26,46.97,17.11,25.29,60.83,3.65,31.73,mothbeans
22.94,39.03,21.3,24.31,54.31,3.86,40.33,mothbeans
7.2,58.96,20.99,28.51,40.47,8.18,56.47,mothbeans
11.34,37.14,19.49,31.94,61.68,4.61,63.21,mothbeans
24.03,54.87,23.2,25.46,56.49,5.22,58.97,mothbeans
13.71,46.34,20.91,25.84,49.64,4.21,38.09,mothbeans
34.38,47.61,19.2,25.2,42.41,6.59,54.59,mothbeans
1.56,54.6,20.03,24.94,52.06,4.35,54.14,mothbeans
33.1,57.42,22.75,29.19,53.05,5.91,31.74,mothbeans
21.19,40.74,23.02,30.32,49.53,7.33,59.66,mothbeans
30.46,52.42,15.98,25.07,51.93,5.01,64.36,mothbeans
11.33,56.92,19.09,25.51,57.73,8.63,53.12,mothbeans
4.71,35.18,21.55,29.5,47.9,5.85,36.19,mothbeans
26.06,41.34,23.55,27.39,49.14,5.29,57.22,mothbeans
30.2,45.33,22.84,27.86,49.26,7.11,40.15,mothbeans
12.27,43.61,22.05,29.89,61.37,7.79,59.91,mothbeans
17.86,52.48,16.62,25.72,50.01,5.7,52.02,mothbeans
27.88,52.67,16.61,31.72,40.13,4.09,35.81,mothbeans
37.03,45.88,15.64,25.77,42.0,3.75,45.37,mothbeans
39.38,50.35,20.21,29.69,54.94,9.65,62.81,mothbeans
25.61,45.97,17.02,29.26,60.1,5.36,31.34,mothbeans
23.98,47.9,17.32,25.36,40.9,5.06,30.01,mothbeans
6.3,59.92,22.8,26.83,49.88,7.31,50.71,mothbeans
29.48,36.72,15.9,26.28,60.74,9.45,43.92,mothbeans
38.53,41.91,21.06,25.56,63.24,7.24,40.44,mothbeans
16.29,37.66,15.72,26.35,63.68,8.72,68.27,mothbeans
35.04,55.33,20.75,29.55,64.15,7.16,60.8,mothbeans
30.3,59.03,19.59,27.69,54.67,3.68,34.65,mothbeans
2.7,50.84,24.94,29.42,45.75,5.55,68.22,mothbeans
20.66,35.24,23.32,25.99,42.33,7.88,62.84,mothbeans
3.04,58.28,19.77,26.83,62.36,5.25,67.88,mothbeans
27.32,57.75,19.99,25.6,58.39,9.17,38.27,mothbeans
8.11,41.24,21.19,25.25,42.67,9.48,57.03,mothbeans
26.54,50.35,22.64,28.33,41.06,6.63,54.83,mothbeans
19.69,59.63,23.97,30.95,52.27,9.9,66.64,mothbeans
11.21,40.55,20.77,24.43,59.98,6.61,51.63,mothbeans
27.56,44.84,21.86,27.52,89.77,6.9,46.5,mungbean
32.23,35.3,17.11,28.74,83.25,6.81,41.49,mungbean
28.71,40.93,19.71,28.84,83.66,6.7,40.26,mungbean
32.52,44.31,23.54,27.84,81.8,6.33,49.4,mungbean
20.71,37.5,17.7,27.71,84.32,6.58,38.65,mungbean
38.98,38.74,23.06,27.53,85.0,7.2,56.23,mungbean
27.93,53.01,22.85,27.9,85.62,6.77,44.96,mungbean
32.26,36.5,23.14,28.43,86.3,6.65,43.37,mungbean
24.02,49.01,24.32,27.77,80.2,6.32,56.68,mungbean
39.08,39.97,20.76,28.95,81.75,6.98,43.88,mungbean
31.83,47.19,22.37,29.67,83.81,6.49,50.79,mungbean
18.62,39.19,23.08,28.01,86.31,6.77,56.22,mungbean
16.78,39.05,17.28,27.95,82.91,6.47,51.12,mungbean
21.78,46.12,23.63,28.09,85.87,7.17,45.35,mungbean
19.6,35.58,22.28,28.99,89.4,6.9,37.0,mungbean
19.17,37.58,15.64,29.64,85.48,6.23,44.93,mungbean
34.12,37.08,17.62,27.47,86.55,7.09,42.73,mungbean
21.18,42.1,21.26,27.39,88.39,6.23,51.59,mungbean
36.51,43.13,19.76,29.92,85.41,6.47,46.12,mungbean
39.24,52.44,16.77,28.79,86.31,6.84,49.1,mungbean
28.09,50.99,18.1,28.04,85.4,7.0,46.05,mungbean
24.14,41.5,18.04,27.0,88.15,7.05,43.6,mungbean
26.73,35.21,24.22,29.84,84.77,6.21,45.76,mungbean
22.32,40.78,15.07,28.12,84.12,6.76,44.87,mungbean
19.08,53.43,18.9,28.14,82.63,6.62,40.99,mungbean
34.11,57.75,23.08,29.05,82.85,6.94,55.22,mungbean
25.32,56.34,16.82,27.87,86.37,6.82,41.8,mungbean
30.57,39.69,15.19,27.15,85.35,6.39,37.56,mungbean
21.73,52.88,22.27,27.7,81.51,6.69,43.55,mungbean
22.79,54.99,24.98,28.39,87.91,6.53,56.09,mungbean
38.79,36.4,22.76,27.21,84.7,6.39,56.04,mungbean
35.43,55.71,16.22,29.3,82.49,6.97,46.07,mungbean
33.44,35.84,19.61,29.31,85.21,7.18,46.82,mungbean
32.04,42.8,18.23,28.89,80.42,7.14,48.02,mungbean
21.33,50.96,16.99,29.66,88.64,6.42,37.82,mungbean
30.82,43.11,16.67,27.83,81.2,6.99,35.22,mungbean
16.05,54.59,19.75,28.79,83.71,6.29,38.94,mungbean
17.29,50.47,24.31,29.99,86.25,6.26,51.11,mungbean
32.53,54.79,16.26,27.7,89.82,6.99,53.92,mungbean
35.14,45.97,16.93,29.07,83.58,6.33,57.47,mungbean
27.13,45.94,17.95,29.09,81.9,6.39,43.69,mungbean
33.31,41.88,23.31,29.74,85.55,6.27,38.88,mungbean
22.39,41.58,18.67,27.0,86.38,6.58,39.64,mungbean
15.47,56.42,22.76,27.72,87.21,6.86,48.47,mungbean
24.69,48.1,19.98,28.65,86.13,6.52,51.02,mungbean
17.76,48.08,15.67,29.51,81.3,7.07,40.05,mungbean
27.13,37.47,20.71,29.51,86.58,6.73,52.53,mungbean
21.4,44.16,21.06,27.21,89.3,6.41,47.29,mungbean
37.24,37.0,23.01,27.18,85.58,7.14,45.4,mungbean
24.23,52.71,23.24,27.8,80.41,6.27,42.6,mungbean
38.62,59.01,15.97,29.18,85.32,6.39,48.15,mungbean
21.22,50.63,16.79,29.25,84.15,6.31,50.97,mungbean
23.95,46.47,21.65,29.65,81.67,6.38,45.04,mungbean
23.44,38.95,24.98,28.33,83.52,6.52,59.79,mungbean
23.12,44.29,22.64,28.29,87.26,6.81,49.08,mungbean
20.35,54.14,24.26,27.76,89.62,6.65,44.93,mungbean
33.16,59.57,20.96,28.55,89.93,6.5,42.51,mungbean
20.55,56.39,15.22,29.47,86.9,6.48,48.84,mungbean
28.91,58.15,16.55,27.11,83.56,6.34,44.18,mungbean
29.55,40.82,23.11,27.28,84.0,7.12,53.36,mungbean
33.09,54.82,16.73,29.48,86.9,6.78,57.69,mungbean
29.88,42.51,22.31,28.73,80.78,6.26,54.27,mungbean
23.7,55.43,19.17,29.6,88.7,6.43,51.32,mungbean
30.06,35.29,22.77,28.15,83.05,6.24,48.5,mungbean
18.74,47.56,17.21,27.15,87.32,6.59,46.14,mungbean
29.88,47.62,17.22,27.87,83.94,6.33,37.06,mungbean
29.29,36.23,18.99,27.26,85.02,6.97,38.26,mungbean
18.37,48.98,19.88,28.96,81.96,6.82,53.39,mungbean
21.16,36.79,22.77,27.97,89.24,6.29,51.79,mungbean
25.59,43.71,18.21,28.78,80.24,6.5,59.69,mungbean
30.41,59.75,19.42,27.44,80.45,7.02,39.99,mungbean
24.35,53.94,23.53,27.34,80.55,7.15,58.17,mungbean
36.72,55.5,15.14,29.08,81.11,6.65,35.57,mungbean
20.23,48.45,17.04,28.57,82.59,6.68,53.25,mungbean
18.53,52.47,15.18,28.75,86.64,6.24,39.26,mungbean
22.1,54.73,21.18,27.16,86.55,6.21,44.72,mungbean
21.78,56.3,21.6,29.59,80.19,7.07,51.24,mungbean
20.78,44.52,24.77,27.3,83.15,7.07,48.29,mungbean
19.66,47.52,19.58,29.78,80.21,6.45,48.24,mungbean
23.34,44.83,16.57,28.04,83.52,6.83,40.91,mungbean
39.46,47.53,23.12,28.88,88.79,7.09,55.37,mungbean
15.74,48.87,17.8,27.46,88.97,6.86,37.19,mungbean
24.56,59.02,21.12,28.88,82.27,6.44,38.82,mungbean
39.26,57.74,18.29,28.63,82.07,6.34,48.53,mungbean
35.0,56.56,18.09,29.12,85.24,6.34,59.89,mungbean
39.39,38.63,24.33,29.75,83.17,6.76,58.72,mungbean
17.96,42.94,23.8,29.18,87.65,7.08,45.35,mungbean
25.28,46.08,24.34,29.68,89.33,6.47,54.48,mungbean
17.67,39.62,22.62,28.84,82.67,6.77,40.77,mungbean
20.8,52.18,18.59,29.06,84.77,6.7,50.12,mungbean
32.8,44.35,23.52,28.47,81.38,6.39,35.81,mungbean
34.11,35.38,17.7,28.24,87.42,7.19,53.94,mungbean
16.65,58.18,24.86,29.6,84.9,6.52,46.44,mungbean
21.17,45.12,15.42,29.21,83.8,6.51,50.29,mungbean
33.56,49.85,20.25,29.63,87.87,6.72,46.29,mungbean
35.68,36.06,24.96,28.56,83.96,6.94,48.94,mungbean
27.9,50.77,15.49,27.87,83.98,6.5,55.69,mungbean
26.53,45.56,21.13,27.16,85.17,6.34,55.75,mungbean
26.29,53.07,16.13,29.34,89.38,6.9,38.38,mungbean
25.34,46.27,16.79,28.77,87.13,6.4,46.37,mungbean
45.0,72.29,24.07,32.96,67.18,6.62,61.71,blackgram
48.99,64.07,20.24,28.84,67.91,7.01,74.25,blackgram
47.57,64.52,22.68,34.12,65.65,7.16,62.25,blackgram
57.38,59.47,22.12,29.2,63.1,7.27,66.69,blackgram
52.53,57.94,16.32,27.03,66.23,6.75,66.88,blackgram
57.11,68.59,15.06,33.83,62.38,7.09,67.14,blackgram
48.2,56.99,21.0,27.45,65.47,7.12,68.36,blackgram
56.51,56.22,16.48,31.53,60.37,7.35,70.0,blackgram
56.76,62.46,24.2,25.49,64.17,6.68,70.08,blackgram
52.22,72.29,20.95,32.87,61.77,6.96,68.68,blackgram
58.63,57.33,17.99,28.69,63.79,6.57,66.41,blackgram
51.01,62.32,16.35,31.95,62.74,7.03,67.87,blackgram
53.92,70.3,16.09,32.3,66.29,7.49,67.25,blackgram
53.77,78.35,24.86,27.87,66.09,6.82,67.88,blackgram
59.9,63.85,16.3,30.63,65.2,7.13,67.39,blackgram
43.6,70.24,22.09,34.79,60.02,6.52,69.38,blackgram
42.36,76.2,23.0,34.99,64.14,6.83,68.41,blackgram
52.75,55.28,17.01,27.82,67.9,6.81,67.6,blackgram
46.48,55.15,21.86,28.41,67.24,7.12,60.44,blackgram
43.51,63.26,18.38,31.72,69.16,7.3,69.68,blackgram
49.63,70.68,23.92,30.37,63.35,7.28,66.21,blackgram
54.85,75.88,17.99,32.25,63.16,7.04,63.12,blackgram
53.71,74.99,23.88,28.54,69.7,6.78,60.47,blackgram
59.67,70.66,23.42,30.71,63.9,7.1,72.97,blackgram
55.03,72.63,18.14,25.32,64.14,7.0,63.56,blackgram
49.04,78.77,17.16,28.02,61.12,7.28,71.67,blackgram
58.27,66.09,15.25,29.83,65.0,6.69,73.85,blackgram
54.65,68.09,22.76,26.43,68.72,7.32,74.07,blackgram
53.53,58.32,22.25,29.59,67.14,7.02,60.06,blackgram
58.65,72.18,20.94,25.87,64.67,6.55,67.81,blackgram
53.18,62.81,20.78,28.12,68.92,6.82,62.89,blackgram
45.53,62.98,19.41,26.18,61.49,6.77,60.23,blackgram
52.46,67.85,17.07,28.5,63.18,6.64,70.57,blackgram
45.67,61.12,15.71,31.13,63.39,6.94,61.95,blackgram
49.41,71.89,16.06,25.54,64.26,6.68,68.94,blackgram
51.86,75.9,21.99,31.16,63.12,7.32,70.69,blackgram
53.42,68.34,24.74,32.56,64.66,6.63,72.19,blackgram
58.39,66.71,19.56,31.84,67.1,6.97,63.48,blackgram
44.48,76.53,21.17,34.13,63.92,7.2,69.98,blackgram
55.78,77.06,19.53,25.3,64.75,6.85,66.92,blackgram
43.42,74.2,21.04,26.27,61.03,7.32,71.95,blackgram
46.52,71.24,22.92,30.33,64.01,6.91,69.31,blackgram
50.96,79.35,18.84,28.41,68.14,7.09,71.76,blackgram
48.71,74.68,20.45,27.36,66.63,6.58,73.96,blackgram
51.48,67.17,20.92,29.63,65.55,7.32,62.64,blackgram
59.12,56.74,16.09,33.14,67.71,6.88,67.41,blackgram
53.2,57.26,23.17,33.87,69.03,7.14,60.0,blackgram
42.93,58.73,20.31,28.9,65.78,6.7,70.22,blackgram
46.33,69.26,24.13,28.05,69.43,6.93,74.74,blackgram
46.89,57.23,15.08,34.86,64.04,6.63,64.41,blackgram
47.38,68.72,15.53,32.03,68.21,6.86,72.92,blackgram
57.31,60.88,22.02,28.94,63.18,6.88,65.72,blackgram
50.9,71.56,19.75,26.88,63.85,7.42,72.6,blackgram
43.09,79.94,21.7,26.34,60.72,6.52,70.82,blackgram
49.73,65.92,24.9,25.85,66.42,6.92,66.84,blackgram
55.78,70.11,19.26,26.8,65.09,7.05,66.75,blackgram
47.11,59.64,21.05,30.78,68.47,6.74,67.53,blackgram
48.22,68.65,18.67,34.78,65.68,7.2,61.7,blackgram
49.63,72.26,16.42,32.31,69.84,7.48,71.68,blackgram
49.3,56.96,23.9,25.88,64.72,7.24,74.41,blackgram
41.56,70.84,22.98,28.12,60.53,6.84,71.68,blackgram
49.38,67.82,19.69,32.34,64.21,7.46,71.97,blackgram
45.78,55.88,24.23,32.49,67.27,7.06,60.92,blackgram
49.46,59.23,15.52,34.9,68.09,7.12,64.3,blackgram
41.65,67.64,23.51,27.78,61.33,6.78,72.87,blackgram
40.28,57.79,16.75,30.92,61.51,6.95,72.12,blackgram
45.23,72.52,19.85,32.99,68.62,6.84,61.27,blackgram
42.9,78.35,16.54,29.96,69.94,7.27,63.57,blackgram
48.8,70.94,17.11,32.34,63.45,7.14,71.33,blackgram
42.32,59.19,18.99,28.01,67.46,7.25,67.99,blackgram
47.6,72.64,19.75,26.45,68.7,6.51,73.91,blackgram
48.98,71.96,24.62,31.83,60.41,7.42,69.56,blackgram
59.12,65.79,24.18,33.58,63.35,6.77,61.47,blackgram
53.09,64.78,22.73,32.49,67.34,7.09,62.92,blackgram
46.75,72.26,16.8,30.48,66.73,7.33,60.18,blackgram
41.95,57.6,19.46,27.19,62.83,6.69,60.36,blackgram
41.84,78.46,21.57,33.35,69.5,7.14,70.62,blackgram
42.4,76.41,16.3,31.56,69.0,7.07,74.51,blackgram
57.92,72.39,17.53,29.67,69.36,7.14,73.84,blackgram
45.53,65.67,24.03,32.7,63.23,6.66,61.11,blackgram
55.54,64.57,18.33,25.6,69.56,6.76,66.61,blackgram
49.83,78.21,21.1,26.78,64.92,6.64,71.53,blackgram
44.37,71.08,24.13,32.15,61.03,6.57,68.57,blackgram
45.01,66.15,23.97,26.49,66.4,7.43,69.97,blackgram
45.33,72.5,24.05,30.75,65.15,7.44,67.36,blackgram
48.72,76.1,22.81,32.85,65.4,6.5,74.31,blackgram
56.36,67.05,20.67,34.35,63.59,7.18,66.01,blackgram
52.65,78.97,15.91,30.35,69.61,6.58,66.89,blackgram
55.33,71.19,16.77,25.39,63.84,6.69,70.44,blackgram
57.93,70.77,18.59,25.85,66.33,7.24,62.1,blackgram
43.86,72.99,20.93,29.89,60.63,7.04,64.62,blackgram
50.68,75.86,19.49,34.96,60.37,6.56,71.82,blackgram
40.86,57.95,23.07,31.67,64.58,7.18,73.11,blackgram
42.98,69.48,24.25,25.37,61.42,7.15,67.07,blackgram
58.36,56.15,22.01,26.31,61.72,6.55,64.61,blackgram
55.87,66.4,16.71,30.91,68.18,6.61,67.46,blackgram
55.98,60.51,23.04,29.26,68.12,7.48,70.18,blackgram
46.48,79.4,20.76,26.37,68.36,7.29,71.46,blackgram
51.86,63.39,16.21,26.41,64.15,7.2,68.3,blackgram
48.77,78.14,15.41,26.0,68.47,7.11,71.66,blackgram
15.39,67.17,15.06,20.15,60.89,6.48,53.3,lentil
25.41,75.19,22.73,26.31,62.06,6.46,47.85,lentil
25.3,78.45,21.11,18.45,61.8,6.25,54.25,lentil
30.68,74.56,18.48,18.05,62.36,5.68,47.95,lentil
17.39,64.05,22.61,24.48,62.19,6.66,49.89,lentil
21.91,59.84,22.97,26.22,69.69,6.21,42.64,lentil
31.75,56.08,21.45,21.42,64.35,6.0,52.08,lentil
33.96,56.08,22.4,29.1,61.76,6.68,47.28,lentil
17.9,77.38,22.21,25.11,63.26,5.8,50.15,lentil
23.14,74.47,18.26,19.18,67.38,6.8,45.63,lentil
20.52,66.77,19.84,28.69,61.45,6.89,46.82,lentil
24.68,58.41,22.2,25.58,69.76,5.8,41.91,lentil
32.31,56.49,16.37,28.22,64.59,5.76,45.15,lentil
37.16,70.09,22.9,25.66,66.12,5.75,54.55,lentil
36.38,57.16,23.57,23.87,69.96,6.39,52.55,lentil
21.98,73.25,22.36,20.96,63.27,6.37,53.38,lentil
29.79,58.72,20.74,18.06,69.8,5.56,47.06,lentil
34.22,55.84,20.31,23.75,67.98,6.73,46.79,lentil
21.01,68.96,15.12,26.78,69.5,5.7,44.44,lentil
31.19,57.27,19.8,21.66,67.03,6.79,51.21,lentil
15.61,66.37,22.72,28.49,64.05,6.68,45.56,lentil
26.61,70.84,23.6,18.85,68.93,6.0,40.49,lentil
25.65,61.74,24.46,24.51,67.94,6.68,41.21,lentil
37.02,73.39,15.55,29.34,66.75,6.83,41.66,lentil
24.14,70.48,18.66,20.1,65.59,5.6,50.64,lentil
20.12,79.53,17.39,19.36,64.78,6.91,48.7,lentil
38.98,60.24,22.45,20.71,63.53,5.9,50.2,lentil
21.93,56.58,18.45,23.83,65.27,5.68,50.65,lentil
31.96,68.32,17.92,25.45,68.0,6.92,52.13,lentil
38.52,56.64,23.92,23.49,60.8,6.85,44.33,lentil
38.92,57.73,17.76,26.36,64.96,6.81,47.81,lentil
30.68,62.33,24.7,24.5,61.32,6.02,46.66,lentil
31.12,62.29,15.63,28.46,62.32,6.92,49.67,lentil
25.29,63.57,21.46,21.92,65.93,6.55,52.63,lentil
26.13,62.6,16.32,27.47,61.72,5.89,47.26,lentil
39.27,74.24,15.47,22.24,64.56,5.75,53.86,lentil
32.8,62.13,24.73,28.07,66.93,6.5,42.3,lentil
20.95,56.03,18.17,19.52,62.6,5.78,48.44,lentil
15.87,62.92,18.44,22.47,65.4,5.74,44.52,lentil
38.01,65.11,19.99,19.74,64.58,5.98,40.06,lentil
33.46,79.39,18.31,26.47,64.74,5.93,54.16,lentil
39.52,69.34,16.47,24.78,69.07,6.16,50.34,lentil
33.29,77.5,16.39,24.61,63.08,6.1,52.61,lentil
26.15,57.31,15.55,25.7,65.83,5.83,54.03,lentil
21.95,55.56,20.38,23.35,66.72,5.63,47.68,lentil
19.86,62.94,21.05,29.32,69.08,6.04,42.22,lentil
36.35,64.24,18.73,21.42,63.51,6.97,53.11,lentil
17.19,73.2,19.44,29.91,68.04,5.93,52.09,lentil
39.26,65.6,23.96,19.67,65.87,5.63,43.12,lentil
26.87,76.69,24.87,18.79,69.6,6.63,41.33,lentil
25.24,77.86,19.15,24.67,67.1,6.63,42.05,lentil
19.65,64.54,20.54,18.51,68.26,6.75,44.56,lentil
28.98,66.59,15.27,18.03,62.63,6.93,52.51,lentil
26.81,71.35,23.93,23.01,64.92,6.53,43.67,lentil
17.98,61.93,24.94,18.8,67.46,6.37,48.48,lentil
36.71,70.7,19.76,26.33,61.2,6.27,48.63,lentil
36.13,59.07,15.59,21.84,68.78,5.7,42.45,lentil
21.82,65.49,24.12,22.27,62.9,6.29,54.04,lentil
27.85,74.16,16.83,19.13,67.53,6.32,53.09,lentil
35.67,72.12,18.01,26.23,66.88,5.64,48.7,lentil
35.58,55.32,20.18,22.48,64.85,6.01,53.66,lentil
17.56,58.86,17.21,20.26,68.97,6.42,52.47,lentil
28.14,68.3,20.51,27.08,61.14,6.19,41.15,lentil
35.47,78.09,19.8,21.74,63.63,6.73,53.35,lentil
29.94,74.09,18.42,26.52,60.29,6.72,43.34,lentil
36.42,58.56,17.27,19.5,61.3,5.62,50.36,lentil
34.6,56.94,22.75,27.09,60.43,5.66,51.9,lentil
27.84,56.48,16.19,21.04,60.66,6.5,51.32,lentil
34.56,78.0,17.05,28.81,61.85,6.03,41.36,lentil
36.15,78.55,24.49,22.17,61.61,6.25,50.93,lentil
21.05,69.26,15.99,24.94,60.14,5.83,42.87,lentil
22.05,77.54,20.37,29.68,60.99,5.82,47.56,lentil
32.69,64.16,20.89,23.28,69.58,5.77,45.32,lentil
24.49,60.36,17.28,19.35,69.85,5.69,41.65,lentil
18.4,74.06,22.05,24.69,60.41,5.99,41.74,lentil
22.09,70.01,18.12,29.71,64.44,6.33,44.36,lentil
36.38,59.72,15.7,28.09,64.76,6.52,42.69,lentil
39.97,67.29,16.05,23.26,66.59,5.63,42.15,lentil
25.02,69.76,16.02,29.1,69.78,5.6,54.63,lentil
23.47,69.87,24.91,19.47,68.38,6.59,44.18,lentil
32.84,69.55,17.73,27.47,66.44,6.1,47.14,lentil
30.08,65.11,19.85,21.35,67.68,5.66,43.76,lentil
27.43,70.71,16.35,19.2,60.53,5.6,50.17,lentil
39.3,64.57,21.79,19.83,66.22,5.64,41.15,lentil
33.79,74.19,22.93,20.42,66.62,6.24,43.92,lentil
23.59,76.49,20.47,29.43,60.32,6.15,53.72,lentil
24.59,62.86,18.76,23.52,60.33,6.33,52.91,lentil
22.58,72.65,19.91,19.61,67.16,6.23,41.64,lentil
31.88,71.5,21.85,24.87,64.76,6.78,47.6,lentil
24.78,67.37,24.71,25.4,63.53,6.97,44.81,lentil
15.7,56.13,23.37,22.19,67.42,5.54,53.37,lentil
23.53,57.43,18.45,22.29,63.51,6.49,43.71,lentil
31.2,69.81,24.1,18.79,63.05,6.01,40.3,lentil
23.15,66.52,23.63,24.82,69.01,5.9,50.44,lentil
29.7,79.64,18.78,22.68,65.73,6.71,41.5,lentil
31.88,63.4,20.03,27.18,63.4,6.42,45.45,lentil
25.9,67.42,23.47,27.45,68.4,6.3,44.31,lentil
16.19,79.91,19.02,20.71,67.43,5.64,52.66,lentil
17.37,63.42,15.67,27.61,64.75,5.81,51.93,lentil
31.29,62.55,23.04,23.19,65.4,5.8,46.03,lentil
30.62,19.06,42.63,19.26,85.19,6.7,108.63,pomegranate
29.42,14.26,44.62,23.2,89.67,7.09,105.33,pomegranate
30.36,25.38,39.34,21.96,91.27,6.39,103.64,pomegranate
18.69,13.01,41.85,20.1,89.35,6.04,108.3,pomegranate
16.61,14.07,39.12,23.77,91.46,5.94,106.01,pomegranate
25.15,12.27,36.92,19.72,93.27,6.29,105.6,pomegranate
25.9,22.94,35.37,19.12,86.36,5.94,108.04,pomegranate
31.47,13.52,43.53,24.75,89.86,5.53,108.6,pomegranate
17.1,22.03,43.67,24.3,89.07,6.12,106.57,pomegranate
17.26,28.86,42.24,18.98,86.12,6.75,109.33,pomegranate
28.05,26.58,44.5,24.52,87.52,7.0,102.38,pomegranate
18.06,26.13,38.29,22.09,88.9,6.77,102.36,pomegranate
25.57,12.89,36.75,24.79,89.39,5.93,105.89,pomegranate
27.26,17.49,44.49,20.22,89.24,6.66,109.63,pomegranate
36.99,28.74,38.63,23.01,93.21,5.54,109.67,pomegranate
30.15,26.83,41.62,24.59,91.91,6.84,102.4,pomegranate
28.82,16.19,44.58,20.54,93.12,5.71,108.67,pomegranate
36.44,17.77,44.1,20.75,94.78,5.93,100.9,pomegranate
35.57,14.71,37.1,24.23,94.16,6.57,108.79,pomegranate
34.17,18.13,35.34,24.07,93.23,7.1,104.71,pomegranate
25.32,26.82,42.17,24.14,93.2,6.9,106.98,pomegranate
27.66,17.04,41.02,23.69,92.38,6.27,100.27,pomegranate
16.3,22.83,41.3,23.54,86.36,6.18,106.28,pomegranate
22.84,11.64,36.58,21.61,94.7,6.91,107.63,pomegranate
36.17,23.72,42.93,20.24,89.78,6.75,102.61,pomegranate
32.19,26.54,43.0,19.39,89.14,5.81,108.76,pomegranate
38.62,27.69,37.24,24.64,94.23,6.6,106.27,pomegranate
37.67,29.48,36.98,22.91,86.69,6.18,104.29,pomegranate
21.5,11.78,38.68,24.63,86.17,6.72,104.35,pomegranate
38.0,19.07,41.74,18.83,92.14,5.82,108.62,pomegranate
34.55,15.76,39.94,18.91,93.56,6.52,109.95,pomegranate
22.07,23.54,39.18,20.86,86.46,5.99,102.62,pomegranate
30.44,28.15,38.7,22.79,89.58,5.52,101.33,pomegranate
23.08,23.86,41.87,22.99,92.08,6.75,102.56,pomegranate
17.38,11.18,38.33,19.64,94.08,7.19,109.39,pomegranate
39.18,21.96,42.48,18.32,87.54,6.55,103.03,pomegranate
24.87,17.42,44.68,21.92,90.8,5.94,105.04,pomegranate
38.26,27.56,36.32,20.22,90.3,5.74,101.17,pomegranate
16.1,12.56,43.72,23.84,92.48,7.07,102.83,pomegranate
36.92,22.26,42.62,19.85,88.13,7.02,103.16,pomegranate
39.86,25.27,36.51,23.97,91.57,6.86,100.53,pomegranate
18.72,14.6,35.36,19.82,92.06,6.24,109.95,pomegranate
38.18,10.82,38.57,22.96,89.85,6.34,108.46,pomegranate
36.67,12.47,35.94,24.08,86.81,5.79,105.09,pomegranate
21.82,27.82,40.86,22.08,94.72,6.39,105.71,pomegranate
25.41,11.54,42.68,22.74,93.87,5.54,106.81,pomegranate
32.02,17.88,40.9,24.66,93.37,5.76,100.81,pomegranate
35.77,23.19,39.54,24.69,90.94,5.51,109.7,pomegranate
31.4,29.02,38.25,23.12,92.34,7.13,105.69,pomegranate
20.28,10.97,41.44,20.26,85.56,5.62,109.52,pomegranate
24.53,17.98,36.78,24.76,93.66,5.65,108.52,pomegranate
19.07,25.59,37.85,23.27,91.54,5.71,104.91,pomegranate
25.81,26.13,38.1,22.79,86.31,6.63,108.32,pomegranate
27.82,19.79,43.85,21.34,90.63,6.22,107.56,pomegranate
35.27,22.28,39.34,20.98,85.4,6.08,104.64,pomegranate
20.61,23.72,36.55,21.47,91.3,6.39,102.91,pomegranate
25.93,28.14,39.78,19.04,86.28,7.03,108.42,pomegranate
28.08,15.91,35.48,18.54,85.45,5.68,104.25,pomegranate
17.36,23.22,40.68,19.77,87.55,5.64,105.03,pomegranate
17.85,23.23,36.8,19.28,88.93,5.64,108.77,pomegranate
22.44,21.74,39.55,22.69,91.24,5.95,109.67,pomegranate
36.78,13.74,36.85,23.23,91.04,6.98,101.06,pomegranate
28.36,10.12,36.17,19.2,89.77,6.68,108.69,pomegranate
39.15,22.04,39.87,22.33,94.74,6.11,106.74,pomegranate
32.26,17.9,38.03,18.88,85.14,5.69,100.16,pomegranate
39.26,27.18,37.09,22.54,91.5,6.24,106.26,pomegranate
34.75,13.82,38.01,21.24,89.74,5.54,101.66,pomegranate
18.81,24.05,44.64,21.3,93.6,6.49,102.01,pomegranate
29.24,26.68,35.51,18.06,91.3,6.71,109.79,pomegranate
36.22,24.74,40.96,21.88,87.91,6.33,104.86,pomegranate
29.78,22.23,41.79,23.72,89.88,6.71,105.28,pomegranate
25.55,16.32,35.64,24.25,89.17,6.3,104.95,pomegranate
38.47,16.94,41.98,18.15,87.88,5.83,103.44,pomegranate
20.8,14.39,44.09,20.37,91.02,6.93,106.57,pomegranate
18.28,15.87,42.11,24.72,93.33,6.64,107.35,pomegranate
34.9,26.0,43.45,22.35,87.82,6.77,106.67,pomegranate
18.23,13.99,41.06,18.71,89.16,7.19,103.04,pomegranate
20.24,10.94,35.18,24.17,88.57,5.77,108.28,pomegranate
37.36,10.64,35.64,21.01,91.18,5.71,102.24,pomegranate
21.45,16.81,38.55,18.33,93.78,5.95,101.51,pomegranate
32.25,20.31,41.69,22.94,94.27,6.24,104.57,pomegranate
36.04,12.22,36.06,22.27,92.82,7.11,108.24,pomegranate
16.05,12.11,41.3,24.1,94.11,5.77,102.92,pomegranate
26.04,20.12,42.33,18.7,91.47,6.07,101.38,pomegranate
36.21,18.78,39.16,23.38,87.45,6.88,103.41,pomegranate
27.63,11.7,38.72,23.28,88.61,6.63,101.52,pomegranate
33.84,18.43,37.28,23.61,89.13,6.2,104.59,pomegranate
36.31,25.89,38.62,18.21,86.46,5.52,108.06,pomegranate
38.59,11.7,38.15,24.87,86.64,5.6,107.59,pomegranate
31.5,22.83,44.03,18.4,91.32,6.71,106.6,pomegranate
27.99,15.91,39.02,22.77,90.54,6.02,107.43,pomegranate
37.73,10.16,37.8,21.69,94.2,6.69,104.46,pomegranate
20.13,20.89,42.88,22.56,91.97,7.01,107.82,pomegranate
25.11,13.95,38.02,18.26,88.34,6.73,107.4,pomegranate
18.15,29.84,37.84,18.65,90.52,6.39,107.57,pomegranate
19.0,10.56,42.97,22.15,87.41,6.82,107.27,pomegranate
39.67,12.21,35.6,20.61,91.27,6.1,100.48,pomegranate
31.27,12.49,37.98,23.16,89.53,7.17,108.05,pomegranate
39.73,21.31,43.94,22.39,90.33,6.51,103.5,pomegranate
22.11,25.7,42.15,22.71,92.14,6.38,102.48,pomegranate
93.11,84.56,53.23,26.81,75.98,6.21,114.85,banana
83.28,71.55,53.89,27.38,79.46,5.87,105.79,banana
103.53,82.97,48.95,26.32,79.99,5.92,103.2,banana
117.24,82.24,54.73,29.12,76.44,5.63,111.33,banana
85.18,87.61,53.63,25.59,77.13,5.97,112.39,banana
117.76,79.23,54.52,28.01,79.09,5.62,107.15,banana
81.61,73.83,48.71,29.96,78.03,5.99,113.74,banana
85.69,84.74,45.49,29.47,83.89,5.72,114.57,banana
99.55,73.06,48.49,29.35,79.18,6.07,106.97,banana
116.01,89.53,49.75,28.6,81.06,6.26,105.14,banana
98.44,81.25,49.49,29.33,78.25,6.3,109.94,banana
96.39,75.82,48.95,27.7,84.58,6.39,112.08,banana
105.84,91.65,52.07,27.86,82.96,6.21,106.83,banana
84.95,83.98,46.92,28.09,80.77,5.55,107.11,banana
87.58,81.9,53.97,25.6,84.36,5.68,90.57,banana
111.47,76.13,52.06,29.44,79.44,6.31,108.21,banana
96.07,71.12,53.62,25.12,79.37,5.91,115.79,banana
92.7,76.43,46.15,25.5,76.68,5.64,97.67,banana
83.59,77.67,49.07,25.85,81.14,5.83,90.82,banana
82.34,79.75,48.2,27.06,78.24,5.88,114.83,banana
84.84,75.06,52.52,27.93,79.93,6.25,101.55,banana
84.6,71.52,49.65,27.04,79.84,5.91,97.01,banana
115.45,76.73,54.63,28.38,77.46,6.05,113.56,banana
92.18,80.17,45.84,28.18,77.03,6.47,101.2,banana
119.41,89.55,50.38,27.12,84.11,5.95,90.03,banana
98.59,90.73,47.89,29.86,75.01,6.43,104.47,banana
103.91,90.99,48.8,26.76,81.32,6.09,105.31,banana
81.82,88.48,50.63,26.5,78.95,5.62,94.19,banana
102.26,76.99,49.32,28.05,84.57,5.82,110.46,banana
93.71,76.53,52.53,27.26,77.46,6.48,100.25,banana
98.39,84.99,45.16,28.46,81.46,5.5,104.3,banana
116.06,86.82,49.13,29.48,82.03,6.26,106.14,banana
111.49,86.23,45.78,25.15,83.32,6.17,110.17,banana
94.12,90.32,53.27,26.79,76.77,6.27,110.91,banana
80.34,81.57,54.36,27.22,77.22,5.52,98.43,banana
116.86,78.95,45.9,28.07,78.03,6.22,97.03,banana
99.75,79.07,47.81,29.52,82.07,5.71,95.88,banana
112.84,79.9,53.7,27.85,79.94,6.05,109.8,banana
102.63,87.06,50.65,25.33,76.28,5.57,97.79,banana
102.8,75.7,50.23,28.91,76.92,6.18,119.76,banana
107.72,83.32,47.53,27.8,79.54,6.44,109.23,banana
117.72,71.3,54.39,27.16,84.95,5.77,110.41,banana
98.66,79.04,52.59,29.42,77.25,5.78,102.6,banana
97.95,70.13,46.95,25.41,80.72,5.53,112.12,banana
119.12,80.6,45.74,26.25,76.64,5.81,108.78,banana
83.87,82.0,53.08,27.96,81.26,5.83,97.51,banana
84.31,75.96,48.41,25.27,78.34,6.29,118.31,banana
111.03,85.49,52.64,28.13,80.79,5.59,91.82,banana
81.33,77.83,53.48,25.33,76.28,6.42,103.26,banana
92.06,85.65,45.66,28.39,80.59,5.79,101.44,banana
83.83,88.8,47.33,28.0,81.6,5.51,101.52,banana
111.81,92.0,51.19,26.7,84.38,6.28,103.62,banana
93.13,74.81,46.03,27.98,75.68,6.29,95.81,banana
102.93,85.93,47.56,27.11,82.25,5.94,97.29,banana
111.88,71.51,48.12,27.18,84.6,6.25,99.34,banana
115.41,89.39,46.47,26.54,78.43,5.87,90.24,banana
103.46,86.96,45.57,27.54,83.35,6.36,102.66,banana
87.82,75.01,54.09,28.93,78.42,6.17,110.84,banana
119.28,84.99,48.31,27.89,84.63,6.12,102.56,banana
86.49,81.36,52.89,25.21,77.19,5.5,96.69,banana
89.21,85.6,47.39,28.67,84.53,5.83,112.2,banana
88.21,74.61,54.9,26.81,75.74,5.53,93.46,banana
91.62,74.86,50.86,28.83,75.44,5.53,95.93,banana
86.97,92.13,52.19,26.7,80.55,5.68,90.64,banana
113.72,92.77,45.21,28.39,78.79,6.29,93.33,banana
117.44,77.63,47.4,29.05,81.61,6.44,119.31,banana
119.91,92.04,53.78,25.33,76.44,6.42,113.85,banana
87.67,79.45,48.74,28.0,84.77,5.74,91.39,banana
104.64,74.73,50.35,28.95,78.28,5.55,113.87,banana
114.91,91.29,54.68,29.43,77.09,5.58,104.12,banana
106.54,71.62,50.09,28.76,81.45,6.01,104.96,banana
98.57,78.05,48.74,28.47,82.16,5.99,98.05,banana
96.04,93.03,50.84,25.18,77.2,5.7,115.9,banana
95.84,77.65,53.89,27.86,84.35,5.87,106.52,banana
85.37,72.1,49.45,26.76,80.84,5.97,108.63,banana
97.04,81.69,49.09,29.02,78.17,5.88,95.39,banana
89.35,86.13,48.59,25.41,83.43,6.01,109.31,banana
111.43,93.17,45.98,25.36,75.38,5.7,95.9,banana
93.17,77.57,53.16,28.42,77.74,6.21,119.94,banana
119.94,88.81,52.4,29.56,75.09,5.8,114.67,banana
111.33,80.1,49.06,27.9,81.55,5.97,105.38,banana
110.45,73.73,48.98,26.13,82.49,5.97,105.47,banana
111.44,88.94,52.23,27.31,82.92,5.81,95.64,banana
110.81,87.45,47.1,27.25,80.58,5.87,107.33,banana
85.13,93.58,45.1,29.05,83.34,5.84,102.57,banana
107.43,80.08,52.79,27.69,78.26,5.52,113.56,banana
116.89,73.84,54.53,26.65,81.3,6.1,108.24,banana
114.68,94.5,47.04,26.95,80.34,5.69,93.26,banana
102.78,81.29,53.95,25.47,76.04,6.05,90.96,banana
107.56,82.22,46.87,25.35,84.63,5.78,96.99,banana
106.38,71.75,45.57,27.59,76.72,6.36,102.33,banana
86.28,72.77,50.36,27.39,75.69,6.46,115.97,banana
85.2,75.14,49.32,28.55,79.75,6.1,118.17,banana
103.5,82.56,51.85,26.38,75.07,5.64,91.92,banana
95.97,90.19,50.26,29.55,83.79,5.96,107.28,banana
109.49,77.2,53.81,27.28,82.0,6.21,98.92,banana
104.52,90.25,46.75,26.25,84.0,6.23,103.73,banana
116.43,74.59,50.69,26.97,84.46,5.74,116.12,banana
90.95,85.7,47.92,29.58,81.98,6.22,96.52,banana
99.74,94.81,50.53,29.98,75.77,5.61,113.0,banana
23.15,26.27,27.53,31.55,49.62,4.68,93.89,mango
33.74,24.53,32.46,34.7,48.97,4.53,82.29,mango
37.93,23.18,32.49,31.36,45.68,5.87,84.85,mango
38.75,18.51,33.2,34.57,46.71,4.55,82.01,mango
22.35,28.37,28.91,27.7,52.64,6.19,83.07,mango
23.95,20.42,25.34,33.08,47.16,6.24,96.73,mango
35.29,31.03,32.16,35.07,48.91,5.27,81.05,mango
15.12,34.31,32.67,35.36,48.75,5.1,81.83,mango
25.54,39.73,28.37,28.73,51.69,5.05,97.65,mango
34.92,35.76,26.68,28.5,49.16,4.77,86.54,mango
29.05,19.74,27.07,31.88,54.39,4.8,84.28,mango
23.91,19.34,29.02,29.85,48.89,5.65,81.32,mango
35.38,31.25,28.69,27.61,47.19,5.25,91.98,mango
39.58,17.55,30.36,35.91,53.5,4.93,99.18,mango
30.0,39.54,31.96,33.1,54.72,6.23,86.64,mango
30.88,37.1,28.18,34.66,49.82,5.34,92.17,mango
29.63,24.56,31.41,29.09,50.87,6.97,84.65,mango
30.41,37.42,28.09,33.64,52.57,6.05,81.2,mango
24.36,22.42,26.52,28.84,45.38,6.81,91.96,mango
38.65,33.48,28.29,29.5,51.44,6.4,90.42,mango
39.44,31.2,27.88,27.21,53.47,5.33,84.84,mango
28.48,37.67,31.65,29.24,51.87,6.3,92.16,mango
24.54,23.04,29.42,27.05,53.7,4.67,83.85,mango
30.86,18.54,27.04,27.83,50.93,6.58,98.64,mango
20.91,16.95,32.25,29.8,52.22,5.11,83.53,mango
21.22,22.13,29.48,32.72,47.72,6.45,81.6,mango
39.31,24.96,26.68,30.97,50.05,6.34,95.21,mango
35.49,34.84,25.2,30.43,53.54,6.4,98.43,mango
29.88,18.82,32.27,29.32,49.64,5.63,87.5,mango
30.15,16.8,26.37,31.22,46.55,4.97,80.26,mango
27.52,33.13,29.91,35.33,54.4,6.93,87.46,mango
27.24,31.03,30.88,30.68,45.39,6.8,87.7,mango
29.14,19.86,29.36,29.3,54.13,6.31,90.19,mango
27.22,32.21,31.96,32.86,54.27,6.34,84.85,mango
15.86,35.33,31.31,33.09,51.97,6.11,85.23,mango
26.39,32.03,27.54,32.42,54.52,6.6,80.25,mango
34.27,31.11,34.17,30.58,50.86,6.75,90.37,mango
19.72,25.57,33.3,29.28,48.02,6.92,93.17,mango
24.57,22.7,29.12,34.89,52.28,4.72,92.72,mango
34.42,23.61,26.43,33.74,54.3,5.49,86.16,mango
39.68,35.41,25.02,27.63,51.96,5.81,93.09,mango
33.33,19.27,28.75,33.34,46.98,4.95,98.97,mango
26.27,35.36,26.86,27.53,46.83,6.4,85.19,mango
37.56,25.22,31.27,32.62,53.68,4.92,85.86,mango
24.44,21.92,28.42,32.27,49.78,6.18,82.02,mango
16.53,33.79,25.07,32.24,54.88,4.74,90.45,mango
15.18,30.07,34.87,33.85,54.32,5.68,86.74,mango
25.74,24.27,33.9,36.0,53.17,6.85,93.3,mango
24.46,16.43,28.56,29.97,46.0,5.64,93.97,mango
33.13,37.2,26.39,32.42,53.69,5.2,93.99,mango
35.38,24.21,31.18,32.93,49.75,5.53,83.76,mango
39.65,38.94,33.13,27.15,48.6,4.61,96.15,mango
23.14,26.11,31.07,30.6,51.13,4.7,88.56,mango
38.29,38.27,34.87,34.71,54.05,6.34,85.88,mango
19.88,18.58,30.2,32.15,53.57,5.76,82.56,mango
34.92,22.53,31.73,31.94,53.75,4.92,88.93,mango
17.89,31.57,27.41,28.9,52.53,6.15,81.79,mango
25.87,32.89,26.6,35.36,54.03,6.42,84.41,mango
21.44,26.91,33.98,28.11,46.36,5.84,94.51,mango
17.26,32.29,33.72,35.39,52.66,6.0,92.88,mango
24.43,32.94,32.36,30.43,51.42,5.9,97.12,mango
35.21,20.59,26.16,27.79,45.89,6.35,98.74,mango
33.62,17.9,28.68,34.68,54.54,5.94,80.03,mango
16.55,28.39,33.47,35.82,48.2,5.41,93.59,mango
34.91,27.99,31.02,29.0,48.95,5.85,89.21,mango
18.62,38.57,33.37,31.5,49.56,6.0,82.92,mango
31.63,35.03,32.03,32.39,48.09,6.98,82.47,mango
39.92,32.66,29.78,34.46,49.95,6.26,87.53,mango
39.53,23.33,33.28,28.9,52.33,6.53,94.01,mango
16.31,36.64,26.79,31.39,48.92,6.96,93.19,mango
36.21,39.78,30.48,30.04,51.78,6.98,95.15,mango
24.78,28.2,27.83,33.27,46.95,6.64,87.88,mango
18.27,33.81,30.8,34.25,53.5,6.27,89.15,mango
19.09,18.44,31.96,29.62,46.45,5.05,94.97,mango
33.38,15.23,32.26,32.18,51.78,6.97,82.95,mango
38.76,25.68,33.42,35.33,45.96,6.94,83.59,mango
16.31,39.51,31.5,32.34,54.7,6.07,88.08,mango
15.85,21.02,29.89,33.19,54.55,6.13,87.51,mango
32.29,34.88,31.59,34.0,53.65,6.13,85.5,mango
31.33,24.18,26.2,27.74,49.89,6.17,90.19,mango
15.58,29.32,30.73,29.46,52.45,6.49,83.62,mango
27.1,31.11,29.34,32.14,45.99,4.66,98.18,mango
34.88,19.62,33.13,27.18,50.56,5.84,96.24,mango
27.21,27.97,30.85,33.42,52.9,4.81,95.06,mango
39.14,37.44,26.81,32.39,46.8,5.89,96.01,mango
18.08,18.22,27.06,28.45,50.62,6.63,80.7,mango
39.5,27.65,28.64,31.9,49.23,6.86,80.0,mango
22.51,38.66,30.19,34.05,51.59,5.61,91.54,mango
32.38,28.07,34.86,30.17,50.38,5.02,81.98,mango
35.49,20.93,26.88,29.7,53.33,6.89,92.04,mango
20.4,23.98,26.28,32.6,45.74,5.14,87.64,mango
37.59,25.0,25.83,29.29,49.25,6.24,90.72,mango
16.76,33.32,34.95,33.27,46.93,5.43,93.15,mango
35.51,30.12,29.2,28.38,54.92,5.58,80.52,mango
30.09,16.94,26.25,27.99,50.48,4.66,92.8,mango
24.07,23.34,27.73,34.82,47.26,4.52,87.54,mango
39.22,24.47,26.05,35.33,46.76,6.32,86.13,mango
35.53,27.24,30.29,33.3,53.65,5.88,92.15,mango
37.41,19.27,34.47,30.51,48.45,6.35,99.36,mango
28.29,29.87,33.5,31.29,46.28,4.52,90.27,mango
18.89,123.16,198.79,33.0,80.26,6.23,74.62,grapes
32.69,126.23,201.09,32.03,80.92,6.49,71.98,grapes
27.56,126.9,199.28,40.02,84.41,6.31,64.58,grapes
36.45,143.69,199.07,18.63,80.45,5.58,70.95,grapes
38.62,124.13,195.57,33.28,82.77,5.99,73.12,grapes
39.05,130.6,200.09,32.85,82.4,6.02,74.97,grapes
37.2,137.45,199.05,28.95,84.55,6.25,70.71,grapes
32.56,138.74,197.44,33.13,84.75,6.32,73.2,grapes
28.2,135.23,201.07,40.8,83.37,6.38,67.85,grapes
20.63,121.88,203.39,25.47,84.76,5.92,65.69,grapes
24.33,122.83,204.14,16.49,82.7,6.27,61.77,grapes
22.48,127.34,197.13,33.09,82.84,5.72,64.57,grapes
38.33,136.07,203.26,9.2,82.32,6.12,67.32,grapes
23.89,135.39,198.29,20.03,80.03,6.39,62.79,grapes
23.86,122.53,199.92,10.88,82.57,5.65,61.86,grapes
27.19,123.89,201.57,15.69,81.98,5.8,66.43,grapes
19.55,140.29,196.09,22.91,84.2,5.66,65.31,grapes
25.85,128.98,203.71,14.75,80.95,5.54,65.92,grapes
33.6,142.52,196.6,14.77,82.4,6.17,63.99,grapes
25.53,133.75,203.0,32.29,81.62,6.26,73.23,grapes
27.55,143.09,203.43,21.22,80.55,5.61,60.32,grapes
18.89,132.5,202.67,16.04,83.39,5.84,74.65,grapes
33.44,130.86,197.89,24.52,83.8,5.75,62.29,grapes
27.78,126.24,202.67,37.38,84.97,5.75,72.31,grapes
19.96,137.66,203.1,31.84,82.51,5.68,74.89,grapes
29.78,135.86,197.29,12.5,80.19,6.49,73.94,grapes
25.66,135.41,195.91,9.73,82.04,5.81,69.5,grapes
20.79,128.4,199.79,25.34,83.22,5.8,64.04,grapes
22.01,128.78,199.18,18.87,80.24,5.54,60.78,grapes
33.62,125.3,199.72,38.89,80.5,5.68,74.22,grapes
24.09,127.61,195.97,8.46,82.76,6.36,64.97,grapes
33.53,129.03,202.79,25.98,81.86,6.15,63.15,grapes
24.6,142.18,196.3,33.25,80.6,6.09,73.68,grapes
31.36,124.76,202.05,39.47,80.37,6.05,65.14,grapes
33.13,144.74,197.02,32.51,80.22,5.69,68.26,grapes
21.31,141.93,203.53,38.83,84.88,6.39,66.73,grapes
32.93,142.77,195.68,22.25,84.66,6.0,60.33,grapes
29.98,137.42,196.29,9.55,82.83,6.29,70.41,grapes
33.52,129.94,201.85,37.59,84.86,5.67,71.26,grapes
24.6,139.48,199.01,17.23,80.92,5.66,63.27,grapes
32.42,141.98,202.91,23.48,83.54,6.03,64.55,grapes
20.51,137.71,200.52,13.82,80.23,5.74,60.59,grapes
18.7,142.09,204.27,17.19,83.95,6.14,63.74,grapes
35.59,133.36,195.01,19.81,83.03,5.87,61.25,grapes
32.64,133.73,202.22,21.88,83.06,5.82,60.86,grapes
35.4,140.6,197.19,40.82,80.88,6.47,68.06,grapes
39.47,139.45,202.81,11.62,83.73,5.88,69.81,grapes
36.75,135.86,200.51,35.77,81.1,5.77,68.72,grapes
35.19,138.82,196.56,15.88,83.63,5.87,73.53,grapes
17.34,124.54,196.85,37.32,80.94,5.99,70.94,grapes
31.19,120.53,196.63,14.04,81.97,6.11,61.04,grapes
16.8,126.13,204.09,40.99,80.5,6.03,70.9,grapes
35.2,135.08,198.78,8.7,84.13,6.26,69.67,grapes
16.09,126.21,195.84,12.85,83.14,5.51,74.5,grapes
38.94,122.66,202.36,19.51,83.54,5.7,67.21,grapes
29.07,131.11,196.63,19.28,80.77,5.56,70.38,grapes
30.69,123.08,203.25,11.5,81.48,6.01,72.55,grapes
18.55,142.8,195.24,22.52,80.74,6.16,63.39,grapes
36.97,129.62,203.84,35.97,80.56,5.67,61.65,grapes
17.54,143.9,198.57,28.93,80.59,6.42,73.8,grapes
37.39,135.11,196.78,26.04,83.0,6.18,62.25,grapes
31.68,127.54,203.18,19.85,80.52,6.42,69.93,grapes
38.32,140.27,202.11,10.6,80.01,6.43,62.23,grapes
31.4,128.01,198.91,32.53,83.93,5.98,61.01,grapes
29.45,143.99,197.78,11.08,84.97,5.68,65.78,grapes
22.98,130.6,201.93,22.07,83.97,5.83,72.03,grapes
31.35,126.15,199.19,24.9,82.67,6.03,72.32,grapes
24.62,134.52,199.22,27.65,83.47,6.25,70.55,grapes
20.88,120.07,204.94,8.58,82.79,6.46,73.81,grapes
16.49,128.73,203.49,37.47,84.1,5.79,62.16,grapes
36.33,144.3,204.13,16.24,84.14,5.56,62.07,grapes
39.05,137.6,198.77,8.9,84.82,5.87,70.52,grapes
31.57,121.84,203.37,37.6,80.15,5.87,61.18,grapes
16.93,134.23,203.14,13.09,80.91,6.24,71.22,grapes
32.46,127.49,199.12,19.47,83.91,6.2,64.3,grapes
18.9,142.03,195.32,33.54,82.52,5.51,72.49,grapes
32.0,141.9,200.54,36.2,84.6,6.0,70.64,grapes
25.59,123.92,204.73,25.73,84.89,5.63,63.18,grapes
30.48,125.47,196.84,33.36,82.8,6.34,72.25,grapes
26.71,127.83,201.42,36.13,80.82,6.3,69.7,grapes
19.87,122.71,195.78,28.51,84.23,5.53,64.23,grapes
28.54,121.63,200.97,33.72,81.55,6.05,69.58,grapes
15.81,126.73,204.77,27.2,82.82,6.29,60.69,grapes
22.86,143.59,195.08,20.13,81.41,5.9,62.92,grapes
33.8,138.14,204.74,31.89,80.49,5.91,71.12,grapes
17.53,140.19,196.5,27.96,81.91,6.09,72.78,grapes
22.25,123.79,199.63,38.1,80.47,6.22,73.27,grapes
35.19,136.36,202.69,13.48,84.82,6.02,70.93,grapes
31.28,143.26,198.41,34.7,81.7,5.86,72.84,grapes
25.77,142.27,202.74,21.18,81.04,6.11,61.12,grapes
18.81,135.69,199.98,35.36,80.71,6.37,68.21,grapes
39.22,139.54,195.87,11.2,81.57,6.43,62.42,grapes
22.0,129.08,195.89,14.09,83.86,5.76,67.1,grapes
21.4,141.92,201.5,12.78,80.62,6.07,60.59,grapes
36.48,130.02,203.57,39.18,80.64,5.87,72.67,grapes
38.8,129.34,201.82,25.2,81.31,6.38,70.24,grapes
30.52,136.1,202.41,16.32,84.11,5.51,72.8,grapes
22.27,123.96,198.99,10.48,81.94,5.96,61.4,grapes
26.65,136.06,204.0,23.81,80.43,6.23,73.76,grapes
38.06,139.21,196.99,19.18,81.59,6.5,67.29,grapes
108.09,16.91,47.78,24.11,81.56,6.47,52.8,watermelon
92.81,5.78,51.01,25.14,89.36,6.36,48.6,watermelon
98.94,6.35,53.68,26.86,86.84,6.27,52.71,watermelon
83.34,6.73,49.05,24.9,87.12,6.87,50.5,watermelon
106.79,11.49,53.31,24.28,89.02,6.34,55.06,watermelon
86.58,13.73,49.19,25.43,86.89,6.16,53.93,watermelon
94.19,22.32,48.89,24.03,87.83,6.6,41.56,watermelon
106.72,20.41,48.24,26.96,89.39,6.74,54.73,watermelon
92.66,8.76,49.59,24.44,88.64,6.11,59.4,watermelon
96.26,18.02,45.04,25.35,88.33,6.13,48.99,watermelon
118.78,7.44,47.19,26.94,84.2,6.55,43.32,watermelon
95.1,13.7,54.52,26.92,85.77,6.01,56.28,watermelon
80.65,27.42,50.02,26.6,86.99,6.65,49.12,watermelon
96.42,13.81,50.42,25.57,87.65,6.11,43.52,watermelon
97.14,9.42,50.95,25.63,83.82,6.85,53.77,watermelon
97.5,12.08,51.2,26.78,88.57,7.0,56.12,watermelon
84.15,21.24,51.16,25.23,84.96,6.75,58.54,watermelon
83.99,16.1,50.81,24.1,82.9,6.42,44.46,watermelon
98.19,14.53,46.96,25.41,81.24,6.97,58.28,watermelon
96.52,25.51,52.04,26.22,80.08,6.37,44.48,watermelon
91.34,26.99,47.64,26.52,87.95,6.41,44.83,watermelon
116.01,15.36,45.16,24.46,83.74,6.82,56.4,watermelon
104.0,13.38,54.59,26.98,82.42,6.97,43.85,watermelon
105.78,25.71,53.01,25.73,81.29,6.64,59.55,watermelon
86.95,27.6,50.17,25.31,81.0,6.8,50.09,watermelon
105.26,24.61,53.43,25.88,82.6,6.55,58.97,watermelon
88.15,7.33,49.37,25.89,85.93,6.03,54.15,watermelon
116.82,6.97,48.82,26.23,81.31,6.45,52.63,watermelon
94.32,10.99,53.98,24.89,85.35,6.25,55.6,watermelon
111.44,24.26,51.59,24.82,89.35,6.63,52.77,watermelon
103.17,7.59,49.59,25.79,81.07,6.28,57.89,watermelon
83.71,17.36,48.61,26.51,83.91,6.49,40.44,watermelon
82.94,28.98,45.76,26.06,83.75,6.31,58.17,watermelon
112.34,9.5,45.1,24.54,85.67,6.61,40.63,watermelon
119.04,29.84,49.84,25.84,85.46,6.16,54.83,watermelon
117.06,9.82,45.3,24.07,85.12,6.15,57.34,watermelon
84.59,10.42,48.28,24.66,87.28,6.94,45.35,watermelon
99.26,28.83,48.49,25.65,82.94,6.75,49.92,watermelon
100.51,15.0,46.93,24.52,86.87,6.89,45.62,watermelon
95.71,19.59,52.66,24.93,87.94,6.95,49.76,watermelon
115.31,15.59,52.47,26.45,86.23,6.61,48.59,watermelon
102.69,14.35,51.33,24.19,81.67,6.03,50.23,watermelon
103.47,12.34,53.27,25.94,89.65,6.35,40.6,watermelon
87.2,13.07,52.91,25.07,80.73,6.66,47.44,watermelon
111.18,8.06,48.19,24.03,83.29,6.47,55.9,watermelon
115.95,19.04,48.86,25.81,85.27,6.1,45.56,watermelon
104.32,27.08,53.6,24.22,88.93,6.42,55.12,watermelon
92.71,13.0,46.97,26.41,84.99,6.99,48.42,watermelon
84.96,9.28,48.27,25.15,85.76,6.29,52.87,watermelon
114.24,29.7,54.12,24.85,88.42,6.4,57.92,watermelon
116.72,5.98,51.45,24.21,80.95,6.8,54.47,watermelon
90.99,23.84,49.0,25.67,83.13,6.61,47.87,watermelon
107.86,16.36,53.49,26.9,81.21,6.37,52.36,watermelon
81.17,6.2,45.1,24.32,83.23,6.69,48.71,watermelon
86.81,9.78,54.02,25.11,89.03,6.99,58.68,watermelon
114.72,11.49,52.85,24.33,89.47,6.08,46.59,watermelon
104.51,25.31,47.7,24.51,81.38,6.46,42.53,watermelon
114.48,23.83,53.88,26.9,84.13,6.45,42.45,watermelon
101.1,19.45,51.61,26.93,83.22,6.73,44.52,watermelon
90.55,12.41,45.83,25.68,88.73,6.66,54.71,watermelon
88.24,6.95,54.72,24.18,80.13,6.22,56.37,watermelon
87.52,7.61,47.09,25.77,85.28,6.86,55.21,watermelon
92.47,16.35,46.54,25.51,89.14,6.22,47.27,watermelon
119.0,26.7,50.13,26.34,81.88,6.28,43.28,watermelon
92.29,26.75,51.48,24.44,88.76,6.75,44.81,watermelon
115.76,9.68,45.29,25.99,84.53,6.27,58.54,watermelon
83.36,15.79,46.51,25.51,85.08,6.05,45.45,watermelon
83.91,21.22,52.32,25.27,82.94,6.4,51.88,watermelon
101.18,17.34,49.34,26.04,86.46,6.96,44.39,watermelon
82.13,5.89,47.66,24.2,81.01,6.23,52.4,watermelon
108.63,14.8,46.01,26.2,88.8,6.27,44.11,watermelon
111.43,13.69,47.88,25.79,87.34,6.09,50.06,watermelon
108.02,16.92,48.05,26.72,82.39,6.32,41.39,watermelon
87.49,27.5,46.42,24.04,84.75,6.33,43.55,watermelon
90.55,6.92,51.79,26.56,85.94,6.97,51.66,watermelon
99.53,11.19,46.09,26.46,85.67,6.99,56.71,watermelon
101.01,9.18,46.47,24.28,83.05,6.74,49.05,watermelon
109.39,29.74,47.57,25.46,83.64,6.01,47.05,watermelon
108.41,27.28,52.75,26.57,89.02,6.6,42.26,watermelon
107.43,23.21,45.21,26.94,88.56,6.66,42.83,watermelon
99.91,11.11,52.41,26.92,83.59,6.74,43.88,watermelon
118.19,20.97,54.65,26.63,86.79,6.9,48.99,watermelon
118.33,18.17,47.65,26.04,88.88,6.39,48.35,watermelon
119.76,12.73,45.41,25.56,83.43,6.61,48.67,watermelon
98.2,29.2,52.92,24.87,89.69,6.5,53.71,watermelon
98.65,8.76,54.67,25.87,86.64,6.3,45.77,watermelon
111.99,5.39,45.41,24.85,85.93,6.05,46.12,watermelon
97.21,21.51,45.01,24.75,83.5,6.28,57.18,watermelon
106.61,24.22,46.55,24.26,82.71,7.0,43.93,watermelon
103.41,7.02,47.19,25.42,83.55,6.81,52.74,watermelon
96.9,29.17,45.98,24.78,83.02,6.31,51.28,watermelon
107.16,13.06,50.78,26.05,82.0,6.14,51.09,watermelon
92.04,7.14,50.67,25.88,85.46,6.38,57.52,watermelon
97.48,8.47,49.42,24.94,89.35,6.71,49.37,watermelon
97.11,15.51,49.1,24.08,85.59,6.96,48.42,watermelon
110.23,20.38,48.02,24.73,85.12,6.13,50.87,watermelon
102.62,12.33,52.55,25.18,84.03,6.01,56.15,watermelon
115.0,16.51,45.54,24.16,88.3,6.65,46.67,watermelon
83.9,12.26,49.81,24.99,80.61,6.74,53.49,watermelon
109.57,6.33,47.05,24.43,87.4,6.5,44.47,watermelon
107.03,26.31,48.01,27.93,94.95,6.01,24.85,muskmelon
107.51,7.87,45.0,28.81,90.61,6.08,22.04,muskmelon
98.95,25.82,49.44,27.17,90.61,6.32,29.83,muskmelon
112.81,26.04,50.47,29.47,93.41,6.69,26.17,muskmelon
97.29,20.9,46.85,29.46,93.29,6.14,27.42,muskmelon
101.87,16.9,47.9,29.0,94.8,6.39,26.68,muskmelon
95.65,22.44,46.07,28.25,92.12,6.02,24.57,muskmelon
102.57,5.28,48.03,28.94,94.47,6.5,20.43,muskmelon
116.28,29.07,49.68,29.17,91.38,6.79,23.58,muskmelon
114.23,17.58,48.49,29.12,91.95,6.05,26.56,muskmelon
94.07,22.98,48.39,29.15,93.93,6.22,27.63,muskmelon
92.12,14.85,54.16,28.94,91.88,6.38,26.59,muskmelon
103.04,28.19,52.75,28.58,90.65,6.26,29.55,muskmelon
93.92,20.44,49.04,27.13,94.26,6.13,20.97,muskmelon
84.25,28.36,49.76,29.28,94.91,6.65,27.33,muskmelon
89.46,27.49,46.74,29.68,93.78,6.34,20.64,muskmelon
104.48,7.86,53.47,27.22,93.82,6.49,28.41,muskmelon
116.94,13.03,51.99,28.13,94.94,6.46,22.0,muskmelon
90.1,15.94,47.86,27.6,90.81,6.65,28.09,muskmelon
87.69,19.55,51.29,29.01,91.02,6.65,28.93,muskmelon
94.38,15.2,50.47,27.22,90.93,6.58,29.11,muskmelon
105.69,17.4,53.32,28.71,92.37,6.28,26.18,muskmelon
102.35,8.45,45.67,28.28,91.88,6.06,20.78,muskmelon
111.3,12.46,46.18,27.69,93.01,6.26,22.24,muskmelon
117.62,28.06,47.51,29.11,90.34,6.7,29.68,muskmelon
82.99,19.38,53.53,29.8,92.5,6.32,20.57,muskmelon
107.9,7.77,49.71,29.75,91.32,6.02,23.38,muskmelon
90.44,13.36,52.65,27.42,92.74,6.59,29.24,muskmelon
106.53,26.96,47.36,27.22,94.74,6.72,27.03,muskmelon
110.62,5.88,54.81,29.85,92.99,6.49,20.81,muskmelon
102.06,28.67,47.71,27.13,90.18,6.41,26.5,muskmelon
97.26,12.59,53.5,29.91,90.11,6.04,27.74,muskmelon
112.45,18.35,53.6,29.05,93.69,6.44,20.52,muskmelon
110.63,22.39,49.3,28.28,90.69,6.35,28.97,muskmelon
119.3,14.19,46.94,28.31,90.29,6.19,25.89,muskmelon
89.09,23.69,53.88,29.38,92.84,6.79,20.15,muskmelon
108.79,25.32,45.77,27.38,90.9,6.03,23.5,muskmelon
106.21,11.11,47.92,28.82,92.39,6.1,20.77,muskmelon
90.01,18.59,49.95,29.21,91.78,6.73,22.2,muskmelon
108.53,28.54,52.8,27.88,93.27,6.42,22.68,muskmelon
107.91,17.59,45.54,29.7,93.53,6.5,22.8,muskmelon
88.14,8.43,54.76,27.69,93.71,6.17,23.72,muskmelon
112.66,8.55,54.78,29.1,93.25,6.36,21.14,muskmelon
99.96,5.84,47.78,28.15,94.14,6.07,22.79,muskmelon
104.39,17.38,53.63,28.15,90.22,6.16,21.84,muskmelon
97.24,6.31,48.05,28.62,91.74,6.02,26.09,muskmelon
115.73,28.07,54.07,29.43,92.95,6.61,23.41,muskmelon
113.17,15.85,49.28,29.19,93.68,6.05,21.09,muskmelon
95.52,23.03,51.78,29.58,94.69,6.37,25.73,muskmelon
102.73,17.97,46.63,28.14,93.73,6.74,21.32,muskmelon
80.61,24.99,54.51,27.26,91.25,6.43,23.38,muskmelon
95.78,20.39,48.62,28.98,93.91,6.65,26.08,muskmelon
84.97,19.21,48.21,27.79,90.89,6.37,24.4,muskmelon
98.66,29.15,49.8,29.53,91.09,6.05,29.39,muskmelon
91.06,20.26,48.14,27.19,90.9,6.61,22.76,muskmelon
114.76,8.18,51.3,27.44,93.09,6.04,21.14,muskmelon
81.54,22.11,53.61,28.74,90.21,6.57,20.61,muskmelon
108.58,11.48,47.57,29.04,94.29,6.28,27.18,muskmelon
104.02,13.74,45.77,28.33,92.56,6.19,23.26,muskmelon
94.85,25.57,49.16,28.93,94.38,6.11,23.27,muskmelon
111.53,13.37,49.08,28.96,92.35,6.78,26.22,muskmelon
86.41,6.12,54.3,29.74,90.13,6.49,28.08,muskmelon
100.43,24.52,50.08,28.74,91.72,6.17,28.31,muskmelon
81.3,23.16,48.81,29.99,90.39,6.06,29.36,muskmelon
88.98,17.59,50.74,28.64,92.09,6.59,28.48,muskmelon
101.11,6.29,49.72,28.57,92.21,6.22,28.36,muskmelon
91.72,11.1,47.43,29.3,91.81,6.36,27.48,muskmelon
84.62,11.03,52.33,29.64,91.81,6.28,25.06,muskmelon
116.59,21.33,51.05,28.35,92.09,6.46,28.27,muskmelon
85.01,18.44,52.76,28.22,92.92,6.11,22.6,muskmelon
91.48,12.85,45.82,28.26,94.92,6.46,26.33,muskmelon
110.91,27.5,53.76,27.05,90.6,6.21,25.55,muskmelon
117.21,23.57,46.26,27.1,92.16,6.55,29.9,muskmelon
85.3,26.67,54.19,29.71,91.77,6.32,25.57,muskmelon
108.48,7.98,53.97,29.7,92.96,6.49,29.94,muskmelon
81.81,23.47,48.55,28.35,92.04,6.36,28.35,muskmelon
91.57,16.93,46.35,27.55,93.83,6.73,29.37,muskmelon
83.35,27.39,50.94,28.11,93.25,6.3,24.39,muskmelon
100.35,19.7,54.45,27.29,91.49,6.27,25.64,muskmelon
115.89,19.5,53.44,28.28,91.61,6.25,21.78,muskmelon
85.73,25.35,52.35,29.97,91.05,6.42,25.75,muskmelon
104.62,7.49,47.85,27.36,91.37,6.35,28.85,muskmelon
91.54,27.94,54.89,29.26,94.62,6.53,21.41,muskmelon
88.27,25.97,52.55,27.08,94.51,6.77,25.4,muskmelon
111.96,5.17,53.33,27.08,91.02,6.75,25.71,muskmelon
109.28,18.02,53.31,27.88,90.55,6.57,28.45,muskmelon
97.78,15.81,47.63,29.59,94.97,6.59,21.16,muskmelon
94.15,6.98,52.93,29.18,91.64,6.41,22.76,muskmelon
105.22,17.82,52.77,29.12,91.57,6.74,24.33,muskmelon
117.29,24.85,48.18,29.52,93.31,6.7,20.36,muskmelon
105.38,5.2,46.37,28.13,94.72,6.54,22.65,muskmelon
86.06,25.35,52.34,27.85,90.99,6.7,29.51,muskmelon
114.29,23.74,45.03,27.2,92.79,6.17,21.78,muskmelon
96.73,11.58,48.8,28.75,93.19,6.39,26.57,muskmelon
87.2,12.5,47.32,27.88,92.43,6.64,23.92,muskmelon
94.29,17.02,45.97,27.34,94.4,6.6,22.87,muskmelon
118.77,13.13,51.62,27.35,92.32,6.26,21.14,muskmelon
107.88,22.62,52.74,28.45,94.02,6.39,24.12,muskmelon
89.39,12.27,50.07,29.67,93.91,6.05,27.72,muskmelon
90.46,12.94,48.91,28.33,91.99,6.73,22.68,muskmelon
29.13,128.5,203.19,21.93,92.05,6.07,104.16,apple
8.25,135.63,204.48,22.84,91.65,6.1,100.5,apple
28.89,140.06,195.9,23.11,94.56,6.27,113.82,apple
26.2,132.97,198.62,21.6,90.78,6.04,121.49,apple
9.17,140.03,204.11,21.99,91.08,6.23,123.5,apple
1.44,120.5,204.4,21.31,91.99,5.98,103.92,apple
12.06,125.75,202.72,21.74,91.36,5.62,119.6,apple
26.21,123.28,202.41,21.81,90.42,5.57,118.05,apple
30.5,130.38,195.15,23.49,93.02,5.65,118.4,apple
31.7,124.86,201.06,21.94,91.62,6.01,100.59,apple
10.96,125.07,197.64,22.97,92.36,5.79,102.33,apple
38.68,134.02,199.83,23.72,92.67,5.74,100.43,apple
19.88,129.84,198.73,22.64,90.54,5.72,124.38,apple
15.89,125.8,198.7,22.69,93.21,5.83,120.24,apple
39.03,122.38,196.69,23.59,92.45,5.75,103.53,apple
24.66,131.84,202.23,22.7,91.16,6.27,106.3,apple
12.46,128.45,196.51,21.96,92.83,5.91,100.14,apple
27.62,138.88,202.95,22.64,91.57,6.15,108.05,apple
28.35,132.86,203.59,23.98,90.41,5.61,117.48,apple
15.03,138.92,196.62,23.24,90.83,5.94,124.3,apple
1.56,130.6,196.71,23.41,92.44,6.25,113.68,apple
15.98,127.42,199.35,21.88,94.61,6.18,113.06,apple
24.6,129.29,201.5,21.42,92.62,5.7,115.35,apple
28.58,132.98,197.51,22.39,94.68,6.43,118.0,apple
34.1,123.38,200.24,23.49,90.05,5.92,103.76,apple
2.68,144.42,198.12,21.56,93.47,6.04,108.28,apple
2.44,131.72,196.56,22.05,92.8,5.73,115.72,apple
37.12,126.86,203.21,23.6,92.92,5.81,115.61,apple
16.13,126.37,200.41,22.98,90.39,5.65,118.27,apple
11.2,126.57,196.02,23.39,92.94,6.27,108.25,apple
30.88,134.8,197.77,23.42,94.36,6.17,111.84,apple
6.72,139.58,204.89,21.27,94.02,5.65,104.12,apple
34.98,128.08,203.96,21.16,92.56,5.94,116.62,apple
13.08,132.51,196.17,22.68,91.89,5.89,111.86,apple
12.47,133.05,200.31,23.65,94.21,6.46,123.64,apple
33.34,137.78,203.4,22.68,92.45,6.29,117.13,apple
22.32,130.89,198.48,21.08,91.83,5.97,116.75,apple
29.14,125.34,200.6,23.99,94.7,5.88,104.48,apple
29.91,120.27,199.42,22.58,90.03,5.81,102.35,apple
14.75,126.34,204.22,22.82,90.17,5.77,111.97,apple
1.76,137.39,197.53,22.88,94.86,6.32,121.58,apple
37.1,144.93,201.32,22.47,92.37,6.37,118.76,apple
32.3,120.95,195.29,23.68,90.77,6.24,121.77,apple
5.27,130.49,203.46,21.17,93.19,5.56,102.44,apple
21.76,144.59,196.94,22.84,90.08,6.34,121.21,apple
12.66,137.73,204.06,22.76,94.72,6.02,123.51,apple
16.13,140.94,201.7,21.19,94.13,6.0,118.22,apple
3.36,131.08,197.76,21.6,92.53,5.67,118.67,apple
33.51,120.08,197.74,22.05,91.71,6.07,117.41,apple
22.65,131.58,196.16,21.27,93.65,5.69,114.78,apple
38.63,139.17,202.89,21.65,91.87,5.58,118.11,apple
9.87,140.93,201.42,23.7,90.96,6.26,103.32,apple
2.13,137.65,196.78,21.42,91.58,5.73,104.71,apple
35.34,124.43,197.95,23.09,91.32,5.99,114.47,apple
13.95,136.05,199.5,22.89,94.16,5.54,120.87,apple
15.43,133.45,197.11,23.11,91.73,6.31,119.91,apple
8.3,137.49,200.04,23.49,93.97,5.59,119.34,apple
10.33,131.69,195.31,21.35,93.29,5.69,103.5,apple
23.47,129.31,198.78,22.77,90.17,6.2,115.74,apple
34.77,120.2,199.21,22.0,93.24,5.6,122.83,apple
12.25,131.67,196.86,21.07,94.05,5.96,114.4,apple
17.4,129.98,203.34,21.76,91.87,5.84,116.96,apple
12.01,144.27,203.77,23.29,94.5,6.01,110.52,apple
30.96,143.85,199.01,21.09,92.56,6.42,122.16,apple
38.61,143.57,196.98,23.92,93.76,5.63,108.33,apple
38.4,144.26,198.09,23.3,94.01,5.96,104.13,apple
0.03,123.69,203.83,21.9,90.4,5.74,105.08,apple
3.61,126.12,201.85,23.54,91.87,5.98,108.62,apple
18.83,137.17,201.99,23.74,93.34,6.33,117.66,apple
30.52,122.4,196.29,23.29,90.67,6.27,122.45,apple
32.79,138.26,199.25,22.18,90.36,5.99,118.51,apple
23.46,125.54,201.09,23.3,91.85,5.84,120.58,apple
24.42,138.79,204.15,22.94,90.69,5.69,105.28,apple
17.42,128.49,201.54,22.28,91.42,5.89,120.53,apple
1.39,143.96,199.22,21.49,93.41,6.33,111.62,apple
3.31,137.15,196.01,23.59,94.02,5.51,107.98,apple
22.99,129.6,199.55,22.46,94.8,5.9,119.28,apple
12.12,126.47,201.34,22.81,94.01,5.95,109.32,apple
18.94,128.38,200.35,22.09,93.93,6.48,113.29,apple
15.34,136.87,196.5,22.01,94.67,6.09,104.94,apple
32.51,138.19,199.55,21.15,91.41,5.62,112.24,apple
14.68,142.23,201.86,21.76,91.69,5.8,120.48,apple
21.71,124.47,198.57,21.05,91.62,6.14,114.89,apple
14.29,120.92,202.39,21.75,90.42,5.59,118.17,apple
25.32,130.78,197.75,23.92,93.44,5.74,120.64,apple
33.4,138.32,200.24,22.38,90.38,5.87,103.67,apple
39.07,135.95,203.82,22.15,94.9,5.58,123.19,apple
29.97,130.56,195.22,23.85,91.28,6.15,122.07,apple
33.47,130.84,196.16,21.57,91.3,5.8,112.85,apple
34.17,126.09,202.99,22.12,92.36,6.26,110.92,apple
29.87,139.46,197.77,23.01,93.02,6.41,116.96,apple
10.91,130.18,195.19,22.24,90.65,5.77,114.98,apple
39.04,127.95,197.21,21.05,91.62,5.56,107.2,apple
28.48,140.67,200.88,22.9,91.64,5.89,123.25,apple
0.5,128.51,198.46,22.33,92.31,6.24,105.27,apple
27.91,136.82,197.56,21.1,94.26,6.47,115.78,apple
22.45,128.63,197.08,23.95,91.85,5.79,107.88,apple
26.98,120.74,201.25,21.5,91.76,5.93,124.9,apple
0.94,144.33,200.56,22.47,91.17,6.42,103.29,apple
24.28,141.24,195.97,21.65,94.96,6.07,104.47,apple
6.36,24.44,12.34,20.03,92.04,7.13,108.36,orange
23.97,12.99,8.63,12.64,94.42,7.44,115.24,orange
12.71,18.39,8.92,31.48,92.47,6.7,116.52,orange
17.98,28.1,6.78,17.21,92.66,6.5,109.28,orange
6.89,27.68,8.83,26.33,94.87,6.62,112.73,orange
24.76,8.46,11.2,34.97,93.0,7.1,118.91,orange
13.0,11.25,10.69,21.8,90.45,6.56,114.86,orange
35.34,21.35,10.52,31.59,94.25,6.24,107.38,orange
34.99,9.38,14.37,33.03,91.61,6.44,117.89,orange
8.28,16.53,7.45,25.08,94.95,7.2,119.46,orange
20.01,7.78,11.04,18.28,94.6,6.24,109.24,orange
38.5,5.17,5.32,26.92,94.34,7.49,117.24,orange
2.81,15.43,7.6,27.9,90.6,7.16,112.94,orange
21.37,5.59,9.81,28.15,91.46,6.6,116.45,orange
30.75,14.08,12.17,22.79,93.25,6.64,102.48,orange
5.84,11.56,13.25,28.84,90.56,6.25,108.26,orange
13.59,27.82,12.96,15.25,90.49,6.96,101.48,orange
35.97,17.29,7.45,16.5,91.48,6.67,115.75,orange
27.98,19.21,10.94,29.03,90.74,6.43,104.42,orange
14.83,14.07,7.91,33.62,90.79,6.95,109.51,orange
17.59,12.37,12.44,27.38,90.73,6.44,107.68,orange
25.47,5.7,7.12,17.57,92.92,6.39,114.42,orange
29.82,29.9,9.06,25.46,90.85,6.52,103.12,orange
34.1,12.86,8.74,31.64,92.43,6.25,110.5,orange
7.02,27.43,5.14,33.67,91.71,6.46,104.49,orange
11.13,24.45,12.89,26.25,91.78,6.69,118.25,orange
36.25,26.0,13.46,29.58,92.62,6.34,104.05,orange
26.57,14.96,5.99,18.24,90.34,6.83,110.7,orange
29.65,26.82,14.7,11.4,92.83,6.37,105.12,orange
29.58,22.24,11.51,16.13,93.45,6.68,100.8,orange
24.37,18.8,5.91,14.75,94.15,6.1,118.06,orange
20.9,6.52,7.28,24.64,92.91,6.7,110.74,orange
31.26,12.97,11.34,14.91,90.58,6.13,103.95,orange
21.69,10.37,9.87,24.23,92.91,7.29,102.23,orange
35.46,24.43,6.95,30.14,93.07,6.68,100.01,orange
30.18,20.03,9.93,14.41,92.54,6.77,119.03,orange
11.99,26.68,7.49,16.88,92.81,6.46,108.8,orange
39.09,28.64,9.88,17.98,94.87,6.71,103.26,orange
2.62,15.8,8.05,33.13,92.22,6.96,110.77,orange
7.31,24.47,12.63,15.33,92.51,6.48,110.61,orange
4.12,12.5,11.1,24.28,90.77,6.23,115.33,orange
31.43,26.31,11.1,13.93,94.78,7.47,113.07,orange
31.55,24.49,7.69,33.32,92.36,7.28,106.07,orange
5.8,13.34,8.54,28.63,92.25,6.64,107.87,orange
16.68,24.06,9.04,34.22,91.77,7.21,119.5,orange
30.68,5.49,12.04,15.22,93.58,6.44,107.47,orange
12.87,24.77,8.26,24.0,91.0,6.32,110.06,orange
34.26,7.67,7.43,18.14,92.4,7.08,109.4,orange
38.85,6.15,11.59,27.2,94.54,6.73,105.6,orange
24.27,14.38,6.01,25.99,91.38,6.55,118.47,orange
4.44,8.36,12.5,18.11,93.88,6.62,103.04,orange
6.02,12.47,7.0,12.2,91.23,6.86,115.26,orange
10.43,18.28,7.91,10.55,93.86,6.1,115.72,orange
28.46,12.85,13.53,32.63,92.23,7.33,103.68,orange
18.73,16.52,8.33,26.94,93.52,6.38,114.95,orange
0.93,7.98,9.11,19.91,92.43,6.07,110.57,orange
36.52,17.81,5.16,20.93,90.16,6.76,115.97,orange
31.61,17.3,10.75,25.86,93.67,6.85,119.48,orange
31.22,18.29,12.99,31.16,90.44,7.38,112.2,orange
39.72,23.8,12.67,20.77,91.38,6.68,117.61,orange
29.56,21.26,5.73,26.2,91.7,6.79,113.85,orange
32.81,15.81,5.21,24.37,90.03,7.24,100.38,orange
9.01,15.68,7.59,15.57,93.37,6.49,109.16,orange
26.62,24.25,10.74,18.87,94.4,7.3,103.05,orange
30.92,10.15,6.82,10.66,93.01,7.27,115.59,orange
21.6,28.87,8.27,17.88,91.15,6.31,106.06,orange
16.97,11.78,14.36,15.43,91.78,6.21,117.98,orange
17.59,25.85,8.75,21.1,93.72,7.11,107.61,orange
17.87,14.98,7.06,19.51,94.07,6.14,103.5,orange
36.53,23.11,6.22,28.92,90.6,6.73,112.1,orange
29.99,12.92,6.91,34.63,94.0,6.54,105.11,orange
4.48,16.42,5.07,30.09,92.0,7.29,107.09,orange
37.83,25.91,9.34,31.2,91.5,7.5,101.69,orange
25.74,14.74,9.71,33.78,91.37,6.97,106.47,orange
5.63,11.22,10.65,13.2,90.78,7.04,115.25,orange
2.45,25.06,13.66,26.52,91.86,6.62,103.15,orange
6.9,28.41,14.65,28.55,94.05,6.27,117.58,orange
4.38,9.06,9.98,17.65,93.13,7.36,105.3,orange
12.84,24.58,8.32,32.22,90.17,7.31,118.27,orange
1.86,14.43,10.99,23.13,90.79,6.02,117.94,orange
3.68,29.7,6.12,21.89,94.92,7.28,110.73,orange
5.38,20.08,11.37,17.79,92.35,7.35,102.56,orange
26.25,14.14,11.14,27.91,92.39,7.12,117.04,orange
7.85,10.48,6.3,33.56,91.13,6.12,101.9,orange
16.15,27.17,6.05,15.66,90.92,6.99,106.57,orange
38.96,21.71,10.2,24.43,94.42,7.14,102.63,orange
16.88,21.53,10.79,33.37,90.17,7.36,107.7,orange
1.92,9.95,6.82,13.57,90.17,7.19,103.24,orange
12.9,19.3,9.84,18.6,93.14,7.23,111.54,orange
18.08,10.37,11.21,23.65,90.59,6.42,115.37,orange
36.96,13.43,13.93,16.38,94.03,6.73,110.98,orange
26.53,21.7,8.42,22.98,90.32,6.55,112.85,orange
38.59,8.16,7.27,21.44,90.56,6.83,105.91,orange
34.93,12.68,9.36,34.61,90.41,7.3,110.09,orange
15.9,28.53,14.99,14.87,94.2,6.33,100.33,orange
29.34,13.85,11.01,13.79,94.3,6.79,116.01,orange
14.51,10.76,14.47,23.27,91.87,6.15,103.31,orange
25.37,20.45,13.43,28.78,90.76,7.41,112.19,orange
34.33,11.96,14.59,33.72,91.48,7.35,119.44,orange
35.75,16.7,6.36,33.45,90.0,6.38,111.12,orange
42.46,68.08,51.13,43.14,90.3,6.71,155.82,papaya
62.9,64.11,53.07,42.97,91.21,6.89,211.07,papaya
45.64,49.83,53.34,24.48,94.82,6.64,238.19,papaya
34.94,63.49,54.44,26.19,92.22,6.84,223.66,papaya
30.43,47.93,48.11,25.15,93.14,6.74,212.65,papaya
41.95,48.12,52.43,32.54,90.35,6.99,240.16,papaya
43.66,51.8,54.88,31.01,94.46,6.56,191.32,papaya
53.4,66.91,51.91,39.68,93.79,6.61,151.34,papaya
69.9,60.08,50.99,30.61,94.35,6.83,232.04,papaya
68.53,55.54,51.38,41.17,91.4,6.86,170.35,papaya
40.07,57.7,49.2,40.56,94.92,6.54,151.12,papaya
62.24,51.07,49.95,35.41,93.33,6.55,225.9,papaya
58.34,59.02,53.37,30.89,92.59,6.96,182.08,papaya
54.07,59.76,52.94,43.04,92.88,6.56,224.04,papaya
44.43,61.82,54.04,31.86,91.97,6.87,178.2,papaya
61.53,66.31,50.73,33.98,94.7,6.91,209.09,papaya
61.11,61.73,45.26,34.91,90.12,6.97,150.87,papaya
66.83,65.05,52.29,40.84,91.27,6.91,177.85,papaya
68.94,51.22,49.46,24.0,92.29,7.0,168.95,papaya
61.75,50.23,52.71,34.49,91.61,6.7,178.34,papaya
62.62,66.12,53.57,30.01,93.08,6.87,231.99,papaya
39.1,65.72,46.01,38.16,93.2,6.66,194.69,papaya
37.45,54.57,47.65,37.86,91.75,6.9,238.54,papaya
60.19,68.98,48.23,25.34,92.91,6.95,217.03,papaya
52.42,63.92,50.38,31.36,93.48,6.6,149.96,papaya
53.92,66.92,49.05,28.53,93.58,6.77,183.64,papaya
66.85,47.59,54.56,40.11,94.44,6.65,202.71,papaya
33.29,69.99,49.43,23.86,92.74,6.83,170.12,papaya
49.78,65.83,54.83,28.15,91.13,6.82,163.76,papaya
30.5,51.09,45.21,35.86,94.19,6.71,200.63,papaya
52.72,55.31,53.48,35.2,93.14,6.94,247.7,papaya
59.87,62.67,54.82,39.87,91.32,6.69,239.01,papaya
67.48,53.0,48.57,43.12,90.67,6.93,248.49,papaya
39.88,58.46,46.29,43.6,93.92,6.75,192.33,papaya
42.54,65.18,51.04,38.12,93.59,6.82,200.95,papaya
69.4,56.63,50.74,24.12,93.09,6.75,187.98,papaya
68.13,49.28,50.6,34.74,90.29,6.67,235.43,papaya
35.92,62.05,45.65,38.1,92.85,6.97,220.05,papaya
58.54,57.27,52.04,42.8,94.93,6.61,189.73,papaya
51.54,61.87,48.31,34.97,94.38,6.97,155.87,papaya
51.58,62.03,48.14,23.14,93.05,6.86,179.42,papaya
34.79,69.43,51.14,34.13,93.65,6.87,167.37,papaya
54.06,63.97,46.79,26.81,93.25,6.75,153.15,papaya
33.56,68.65,50.74,42.93,91.94,6.7,216.61,papaya
35.54,53.58,45.96,30.46,93.54,6.94,194.97,papaya
37.38,55.04,47.27,43.7,93.17,6.67,222.7,papaya
50.95,45.51,51.06,43.62,90.3,6.69,158.54,papaya
68.54,58.23,45.05,31.08,90.14,6.95,201.97,papaya
64.37,68.89,46.88,36.04,90.91,6.61,177.98,papaya
64.88,67.82,51.0,35.05,94.46,6.85,236.76,papaya
37.1,48.72,53.19,23.64,90.19,6.77,245.38,papaya
67.63,65.18,48.12,29.12,91.75,6.59,197.03,papaya
66.01,57.44,51.04,43.94,94.6,6.97,242.15,papaya
51.92,54.72,49.48,25.44,92.77,6.67,180.23,papaya
39.58,65.44,46.88,31.49,91.79,6.96,241.32,papaya
62.44,67.74,52.08,40.62,90.49,6.76,212.99,papaya
42.82,58.18,50.75,34.17,91.97,6.77,162.1,papaya
42.81,56.2,46.98,42.83,92.13,6.72,149.06,papaya
30.95,47.61,50.61,35.8,91.53,7.0,224.78,papaya
60.83,62.47,50.28,23.87,94.73,6.65,204.62,papaya
66.01,58.57,51.41,38.52,92.67,6.52,173.32,papaya
37.53,69.1,45.52,40.33,94.37,6.87,197.64,papaya
37.13,54.27,51.99,42.12,90.49,6.97,238.16,papaya
58.5,46.82,47.04,27.34,93.2,6.51,241.43,papaya
38.24,62.23,54.24,23.1,91.2,6.91,231.44,papaya
69.38,69.68,53.27,30.81,94.19,6.52,155.58,papaya
39.85,61.71,53.82,31.88,92.85,6.93,208.88,papaya
38.2,66.97,52.37,28.72,93.45,6.71,185.5,papaya
41.12,67.53,53.17,33.25,93.0,6.81,183.5,papaya
57.84,56.23,51.63,27.68,93.19,6.56,239.24,papaya
49.54,49.58,48.27,42.81,91.28,6.84,242.37,papaya
45.93,58.41,47.85,34.97,90.54,6.56,230.52,papaya
65.36,68.76,50.55,33.46,90.64,7.0,191.59,papaya
34.37,50.72,53.33,26.87,93.81,6.9,166.59,papaya
54.61,55.95,46.43,35.54,90.21,6.97,224.35,papaya
37.56,50.26,48.18,34.94,94.74,6.67,244.55,papaya
66.87,53.75,47.01,36.53,91.96,6.58,172.1,papaya
32.55,49.6,46.94,36.82,92.19,6.94,147.63,papaya
39.83,58.21,50.57,26.01,94.82,6.53,215.32,papaya
46.4,58.36,51.19,26.57,94.66,6.69,155.78,papaya
34.15,50.84,48.81,34.82,94.07,6.88,153.16,papaya
38.98,60.71,50.64,24.55,93.24,6.96,243.09,papaya
55.79,52.06,51.16,32.44,93.74,6.84,207.39,papaya
43.81,69.7,49.55,42.31,90.77,6.77,179.61,papaya
35.78,60.93,46.74,43.31,95.0,6.94,180.49,papaya
30.84,65.14,46.44,32.66,93.55,6.77,164.97,papaya
46.09,66.0,48.53,42.78,92.11,6.71,220.68,papaya
47.76,54.71,48.64,29.85,91.99,6.86,162.65,papaya
38.68,49.77,46.95,41.35,93.3,6.81,239.04,papaya
51.93,64.1,49.08,36.52,91.07,6.57,151.95,papaya
56.09,52.51,53.33,39.27,93.12,6.53,163.89,papaya
52.07,48.92,48.84,33.87,90.9,6.72,216.34,papaya
45.44,61.67,47.73,38.67,92.82,6.58,184.21,papaya
61.27,49.95,49.11,32.84,94.34,6.57,242.44,papaya
42.65,68.33,51.12,38.44,94.38,6.84,226.57,papaya
33.43,45.22,53.62,24.11,94.26,6.66,239.2,papaya
38.12,48.77,47.13,40.65,91.81,6.95,204.18,papaya
63.13,56.88,52.04,29.08,90.51,6.78,239.09,papaya
36.08,55.38,50.32,35.98,90.79,6.78,191.65,papaya
69.33,62.25,54.04,43.5,93.32,6.57,188.94,papaya
33.89,8.39,28.81,26.52,95.85,5.52,195.37,coconut
35.45,28.27,30.85,25.73,99.47,6.47,219.93,coconut
29.17,27.14,34.88,28.55,95.34,5.63,158.51,coconut
24.84,8.74,34.93,28.16,98.34,6.46,160.47,coconut
32.79,28.72,25.83,27.41,99.0,5.52,214.65,coconut
25.44,9.23,33.51,25.77,96.4,6.02,217.01,coconut
27.24,27.65,25.52,25.96,96.53,5.95,171.13,coconut
16.01,23.75,32.6,26.83,95.4,6.05,142.41,coconut
39.46,20.6,32.35,25.08,96.9,6.4,166.1,coconut
15.9,21.8,31.97,26.34,99.02,6.35,204.49,coconut
25.18,13.55,34.43,27.88,97.76,5.99,155.33,coconut
37.83,27.97,25.85,27.66,96.59,6.01,140.78,coconut
35.27,25.16,26.07,25.3,96.87,5.65,206.14,coconut
34.47,26.59,25.1,25.05,99.03,6.37,188.66,coconut
18.91,20.65,33.71,26.84,99.37,6.29,140.05,coconut
18.05,22.6,27.0,27.98,95.41,5.59,220.38,coconut
15.1,24.79,27.33,25.2,95.4,5.82,180.29,coconut
26.9,9.93,34.88,27.42,95.93,5.79,194.24,coconut
36.63,6.53,26.85,25.03,95.88,5.7,143.67,coconut
28.55,29.32,32.0,27.81,95.38,5.69,160.53,coconut
39.8,9.06,31.35,27.37,98.01,6.01,157.11,coconut
25.66,25.61,32.35,27.12,98.27,6.47,153.91,coconut
33.86,6.62,25.63,26.38,98.66,6.12,207.68,coconut
17.0,24.11,32.16,25.05,98.72,5.59,185.87,coconut
37.91,14.04,31.81,27.71,95.33,5.76,209.77,coconut
26.27,23.55,29.8,27.0,98.82,5.81,224.91,coconut
19.76,19.68,25.43,26.41,97.32,5.96,217.73,coconut
36.16,29.31,29.64,28.6,97.26,5.64,201.3,coconut
25.49,5.61,26.39,26.27,99.95,6.13,167.94,coconut
15.35,24.78,31.62,25.69,97.96,5.68,139.01,coconut
24.78,8.75,28.37,25.09,96.96,5.8,220.74,coconut
28.73,10.69,29.87,27.89,97.16,6.45,145.18,coconut
39.23,6.49,34.61,25.27,96.62,5.98,157.49,coconut
20.88,28.58,33.04,26.67,95.06,5.81,145.07,coconut
30.76,22.1,29.29,25.49,95.65,5.78,198.85,coconut
35.18,26.6,28.7,28.88,95.32,5.95,169.62,coconut
20.24,13.16,27.33,28.49,96.56,6.42,222.39,coconut
34.67,18.87,30.77,26.32,95.97,5.63,160.57,coconut
30.82,29.28,27.29,27.37,96.19,6.32,176.42,coconut
26.74,5.48,30.11,25.38,98.75,6.12,137.72,coconut
27.27,20.06,33.91,28.83,96.33,5.95,203.86,coconut
34.78,11.91,26.43,28.39,95.3,5.75,190.14,coconut
23.18,25.62,29.83,25.58,96.36,5.82,223.6,coconut
30.12,18.41,33.24,27.58,99.79,6.1,141.43,coconut
33.34,23.39,26.95,28.2,96.41,6.29,170.18,coconut
35.46,5.27,27.61,25.58,95.13,6.15,202.43,coconut
16.97,16.62,34.1,25.59,98.13,6.06,186.42,coconut
33.96,7.69,27.74,26.1,98.53,5.95,145.48,coconut
18.21,28.9,26.24,28.47,97.76,5.87,159.95,coconut
33.01,18.75,31.29,27.59,96.98,5.83,209.43,coconut
15.86,12.07,30.66,27.27,99.42,5.56,198.14,coconut
18.3,6.6,25.68,25.61,97.61,6.44,152.33,coconut
33.87,29.31,28.38,26.65,98.75,5.99,181.79,coconut
28.12,21.05,28.96,25.62,99.11,6.31,172.61,coconut
17.88,27.79,27.61,25.96,98.22,6.06,134.99,coconut
36.07,10.64,25.42,25.88,96.16,5.65,212.7,coconut
27.51,13.07,32.56,27.68,95.1,6.27,176.76,coconut
31.74,22.43,30.5,25.16,97.95,5.71,185.36,coconut
15.18,22.55,30.82,26.47,99.49,5.66,150.21,coconut
28.41,27.88,32.44,26.13,97.78,6.01,145.19,coconut
20.04,20.19,28.34,26.31,96.3,5.62,157.11,coconut
15.72,20.08,31.51,27.05,97.03,5.68,133.96,coconut
35.12,23.57,33.74,25.8,97.85,6.25,209.13,coconut
31.86,27.17,33.18,26.44,95.27,6.13,183.85,coconut
37.11,11.31,30.11,26.24,96.08,5.68,161.72,coconut
27.49,23.0,32.2,26.83,96.95,6.25,217.48,coconut
27.0,19.92,32.95,27.67,99.69,5.58,140.19,coconut
15.01,5.78,25.5,25.04,96.37,5.5,172.28,coconut
33.22,29.03,25.97,26.47,98.23,6.47,200.48,coconut
24.32,12.0,31.54,26.19,95.17,5.62,143.47,coconut
26.42,28.31,34.83,28.66,95.6,6.14,220.48,coconut
34.82,27.01,34.32,25.7,95.56,6.22,173.25,coconut
37.16,22.37,27.73,25.09,97.82,5.56,195.72,coconut
20.39,14.94,28.77,25.15,97.16,5.97,146.63,coconut
15.33,27.44,31.57,28.84,99.38,6.21,198.29,coconut
20.07,11.68,31.71,28.85,95.94,6.19,206.98,coconut
39.9,6.1,30.63,28.43,97.79,6.2,205.24,coconut
32.89,23.56,27.87,25.35,96.84,6.32,181.74,coconut
24.33,27.55,32.26,27.16,96.6,6.14,168.67,coconut
29.51,14.3,34.84,28.07,95.74,6.17,214.5,coconut
31.89,15.2,34.61,25.35,96.27,5.64,217.85,coconut
31.14,16.27,30.39,27.72,99.45,5.84,217.24,coconut
39.57,8.63,28.42,27.53,98.72,6.35,184.5,coconut
39.43,24.81,33.25,26.59,99.12,6.38,224.1,coconut
28.6,17.99,30.75,26.02,97.75,6.44,200.27,coconut
32.1,24.69,29.89,26.3,99.18,5.87,219.01,coconut
28.08,25.48,27.19,26.4,97.04,6.25,140.11,coconut
31.01,16.34,33.34,28.58,95.94,5.5,205.39,coconut
27.61,7.7,26.44,25.29,99.75,5.74,168.58,coconut
35.63,18.55,25.97,28.26,95.12,5.53,141.5,coconut
19.64,24.4,25.71,26.01,99.76,5.92,163.96,coconut
25.08,22.45,28.0,26.55,96.04,5.93,186.02,coconut
26.96,20.37,25.42,26.97,95.16,5.82,132.95,coconut
32.52,26.53,28.84,27.16,95.49,6.19,188.92,coconut
23.78,29.28,29.9,25.11,95.19,5.99,216.06,coconut
26.87,18.59,25.83,27.9,98.58,6.42,173.2,coconut
33.73,11.03,34.84,25.14,96.55,6.28,211.19,coconut
20.41,15.27,25.1,25.51,99.31,6.28,218.88,coconut
26.11,17.55,29.63,27.79,96.94,6.42,192.1,coconut
16.22,19.64,31.98,26.96,99.51,5.79,145.46,coconut
111.61,43.29,16.1,22.62,83.37,6.4,74.59,cotton
100.23,54.39,23.07,25.62,82.72,6.09,65.48,cotton
113.6,52.08,23.46,22.91,79.45,7.4,87.35,cotton
104.06,38.48,22.4,25.79,80.63,6.88,71.0,cotton
127.96,35.51,20.25,24.78,81.35,6.21,74.21,cotton
111.16,48.93,19.22,22.26,77.63,7.9,70.73,cotton
116.05,57.98,24.07,25.5,76.21,6.32,77.11,cotton
126.59,46.15,24.97,23.49,77.63,6.13,83.7,cotton
107.42,45.33,20.6,22.93,76.47,6.27,81.04,cotton
100.45,36.5,22.88,22.45,81.66,7.17,60.27,cotton
135.22,38.43,24.21,25.44,83.01,6.38,74.24,cotton
119.15,37.48,18.88,24.53,80.41,7.61,64.38,cotton
105.08,47.75,23.61,22.27,80.13,7.97,76.98,cotton
109.88,53.84,23.4,23.45,77.25,6.52,61.79,cotton
117.27,56.77,22.81,22.11,81.72,7.86,71.72,cotton
124.26,56.67,22.49,22.51,81.15,7.58,86.66,cotton
125.84,53.89,16.57,24.4,77.88,7.55,72.98,cotton
101.24,36.66,15.85,25.57,76.46,7.28,71.09,cotton
115.73,46.61,23.07,25.67,78.03,7.07,69.81,cotton
112.33,58.71,20.11,23.54,83.71,7.38,80.86,cotton
136.94,50.13,21.61,24.3,79.69,6.18,74.69,cotton
113.7,47.92,21.31,23.01,77.68,6.54,68.67,cotton
120.54,42.83,24.06,25.63,80.66,6.7,69.19,cotton
133.03,47.94,19.12,23.06,79.24,7.32,83.05,cotton
135.62,38.48,22.7,23.18,81.87,6.72,76.28,cotton
112.85,54.95,20.82,22.69,82.25,7.75,79.16,cotton
108.23,54.75,23.3,22.73,81.47,6.99,67.37,cotton
119.37,41.77,20.68,24.15,76.46,7.21,67.58,cotton
138.66,55.33,24.84,22.01,76.89,7.87,87.83,cotton
118.19,59.77,20.84,23.11,80.67,6.4,61.53,cotton
117.11,59.54,20.95,23.91,78.87,6.24,65.43,cotton
114.45,55.03,15.55,25.39,77.77,7.1,68.05,cotton
131.35,58.14,21.87,22.82,83.91,7.13,60.3,cotton
113.5,50.61,17.77,23.72,77.3,7.24,77.12,cotton
110.67,48.82,23.41,22.61,80.54,6.63,66.6,cotton
132.23,55.63,17.03,24.47,84.54,6.18,82.21,cotton
139.15,41.74,19.86,22.38,83.45,6.44,73.79,cotton
106.63,39.34,17.2,22.43,77.39,6.62,77.39,cotton
123.99,44.67,17.13,22.4,75.82,7.42,73.28,cotton
129.57,44.61,21.15,23.52,80.41,6.54,86.45,cotton
119.66,54.74,20.24,23.29,79.99,7.23,85.15,cotton
124.26,44.32,22.03,24.4,81.99,6.76,83.64,cotton
108.29,42.86,19.05,23.0,77.91,6.46,78.01,cotton
118.79,35.61,24.35,22.98,81.98,6.9,84.0,cotton
115.55,43.63,18.81,23.96,82.24,7.82,62.68,cotton
110.2,40.71,18.67,25.99,79.79,6.34,85.61,cotton
125.8,49.98,23.1,25.38,84.79,6.73,82.82,cotton
103.6,57.9,15.92,24.78,75.5,6.16,87.96,cotton
118.12,42.33,23.59,23.11,84.16,6.46,69.35,cotton
120.82,40.8,15.92,22.21,81.55,7.57,88.62,cotton
137.66,39.4,20.48,25.77,83.95,6.47,84.23,cotton
107.82,52.81,15.67,22.41,83.17,6.36,63.72,cotton
118.5,54.02,22.23,22.61,84.32,6.49,60.26,cotton
134.22,54.16,20.13,22.08,80.05,6.11,64.05,cotton
101.93,38.9,16.32,25.45,83.34,7.15,68.38,cotton
109.83,39.38,16.1,22.99,81.4,7.51,62.01,cotton
115.1,35.01,19.61,25.2,81.78,6.79,76.24,cotton
116.16,48.13,24.62,25.77,78.54,7.21,81.55,cotton
129.97,53.79,20.23,23.63,80.03,7.0,84.15,cotton
108.28,49.99,18.68,23.19,81.04,6.82,71.28,cotton
114.94,42.86,16.99,22.06,79.36,7.28,64.42,cotton
134.61,54.76,22.49,24.6,78.02,6.49,60.49,cotton
109.08,45.98,19.87,23.87,79.65,7.76,73.9,cotton
116.63,36.28,24.48,25.59,84.23,6.59,61.59,cotton
118.6,44.66,21.53,23.73,80.98,6.71,75.38,cotton
119.08,58.35,23.69,23.92,78.52,6.39,87.66,cotton
106.64,59.8,16.46,24.84,77.7,6.05,66.56,cotton
120.84,35.6,19.03,25.19,79.6,7.24,68.55,cotton
102.04,47.92,16.23,23.75,79.88,7.53,61.08,cotton
131.17,53.22,20.66,22.27,84.68,7.87,71.34,cotton
126.42,46.0,22.23,23.07,76.42,7.83,62.8,cotton
115.36,44.86,15.42,23.21,84.54,6.39,77.08,cotton
116.7,55.65,16.52,24.19,77.55,7.83,60.02,cotton
102.65,56.47,17.66,23.93,75.66,6.94,89.44,cotton
136.99,47.34,15.8,23.84,83.99,7.23,89.38,cotton
134.02,58.89,17.58,24.23,83.89,7.63,69.92,cotton
126.6,48.17,21.68,25.34,80.9,7.37,84.19,cotton
131.13,41.13,23.15,23.74,77.72,7.88,69.02,cotton
138.91,59.78,15.51,24.37,83.02,6.52,84.72,cotton
122.2,56.11,17.19,25.82,79.64,6.31,62.96,cotton
121.69,44.07,22.43,23.68,78.31,6.16,64.87,cotton
119.25,58.21,15.66,23.26,83.89,6.87,84.45,cotton
106.16,46.83,15.31,25.75,76.18,6.47,86.37,cotton
119.67,58.96,20.88,23.62,83.49,6.57,78.32,cotton
106.6,38.98,18.27,23.51,75.83,6.16,83.89,cotton
100.34,48.51,19.93,22.37,84.7,7.62,79.44,cotton
139.67,35.05,16.78,22.53,84.84,6.73,80.57,cotton
133.07,43.93,20.72,22.16,83.93,6.66,61.17,cotton
123.31,59.7,21.14,25.29,76.92,6.34,71.73,cotton
139.74,37.69,20.93,24.46,80.26,7.66,68.53,cotton
102.6,50.15,17.6,24.57,82.0,6.19,78.19,cotton
127.56,35.8,23.52,24.66,81.95,7.62,70.76,cotton
120.36,42.34,22.06,23.6,83.07,6.47,89.54,cotton
112.37,43.17,17.41,22.59,76.55,6.16,77.63,cotton
104.71,37.69,19.49,22.6,75.73,7.54,80.63,cotton
123.17,52.97,19.35,22.49,81.44,7.89,76.56,cotton
123.51,58.44,17.1,23.89,75.34,6.31,65.74,cotton
102.64,35.78,23.53,23.01,76.87,7.0,79.75,cotton
115.9,52.73,18.24,22.53,78.27,7.93,72.67,cotton
112.59,57.89,20.67,24.8,75.07,7.57,88.63,cotton
76.63,47.17,44.88,23.44,83.26,6.36,180.2,jute
98.28,57.68,42.21,24.25,81.56,6.95,185.57,jute
92.01,44.33,35.03,24.45,82.36,6.75,160.55,jute
73.3,51.47,42.37,24.51,77.96,7.33,199.68,jute
84.5,50.31,39.35,25.85,82.0,6.68,185.96,jute
81.88,48.47,42.56,23.13,74.99,6.61,181.35,jute
91.67,46.86,43.78,25.79,83.71,6.91,161.55,jute
72.61,49.77,39.49,23.9,79.78,6.06,161.47,jute
96.18,41.35,37.65,24.59,70.61,7.43,172.46,jute
75.88,45.75,44.59,25.41,74.1,7.22,177.33,jute
76.67,47.54,44.53,25.38,79.6,6.46,180.01,jute
62.05,59.72,37.13,24.98,74.31,6.17,161.74,jute
99.57,49.02,38.29,24.64,73.0,7.03,153.98,jute
85.87,58.66,35.21,23.39,81.24,6.39,182.87,jute
86.87,45.39,44.06,23.61,72.46,6.15,196.59,jute
72.38,48.56,40.49,23.21,84.74,7.31,192.65,jute
60.13,40.99,42.79,25.38,84.17,7.45,155.67,jute
78.05,38.04,42.66,25.34,76.98,6.18,183.4,jute
71.13,37.08,42.89,24.06,75.82,6.28,197.25,jute
89.01,57.77,41.2,25.91,81.5,7.49,158.11,jute
73.68,48.05,41.9,23.58,84.87,7.14,167.57,jute
73.61,44.73,42.57,23.31,77.69,7.22,160.62,jute
67.61,50.94,42.73,25.24,71.0,7.49,161.34,jute
86.28,57.82,39.94,25.31,75.81,6.96,159.96,jute
61.68,46.32,35.04,24.07,84.81,7.4,182.44,jute
76.62,55.94,44.7,25.59,71.28,7.26,179.73,jute
82.46,37.91,36.36,24.48,84.94,7.09,167.04,jute
85.0,35.81,43.35,23.95,74.68,7.23,164.67,jute
94.35,36.37,38.0,25.89,72.05,6.39,168.98,jute
66.12,43.5,39.12,23.22,77.96,6.11,165.42,jute
71.99,35.57,44.81,23.98,80.68,7.3,196.57,jute
84.12,56.29,38.63,23.29,73.96,6.5,194.42,jute
67.3,40.31,43.0,23.69,74.15,7.26,177.51,jute
81.65,56.48,43.12,24.65,78.66,7.04,164.86,jute
82.09,42.44,43.95,25.26,70.61,7.38,171.01,jute
86.32,41.73,35.52,23.21,84.23,6.88,155.34,jute
79.08,46.73,38.61,24.63,73.96,6.89,178.06,jute
91.76,37.05,36.68,24.95,78.54,7.3,181.54,jute
60.67,40.46,42.08,23.51,84.36,7.3,175.48,jute
99.59,35.13,40.23,23.82,81.92,7.16,159.38,jute
81.9,36.48,37.11,25.0,72.89,6.79,167.21,jute
76.18,49.77,44.11,23.86,73.74,7.28,156.23,jute
76.81,51.21,39.98,25.93,76.08,6.29,162.65,jute
65.13,39.61,41.41,23.36,80.07,6.2,152.01,jute
99.93,53.62,42.31,25.05,71.99,6.33,197.97,jute
82.98,51.3,42.17,25.49,70.21,6.16,160.32,jute
65.78,53.11,42.86,25.61,74.88,6.62,182.98,jute
87.21,46.09,37.02,24.91,73.1,6.53,193.5,jute
94.32,51.56,39.9,25.85,76.56,6.38,171.66,jute
66.34,54.53,43.34,25.24,77.86,6.31,155.52,jute
71.49,42.09,36.77,25.31,77.1,7.14,153.26,jute
78.18,42.58,37.24,23.6,82.96,7.26,198.18,jute
70.79,47.01,39.38,23.4,81.72,6.97,169.23,jute
99.46,48.79,41.42,23.43,74.02,6.56,162.74,jute
63.95,56.55,40.16,23.93,76.06,6.09,197.86,jute
64.28,57.47,37.52,23.73,84.37,7.4,192.79,jute
82.98,58.11,44.22,24.88,84.66,6.01,197.93,jute
73.1,52.24,40.54,24.7,70.02,6.29,155.42,jute
72.25,54.1,37.51,25.41,78.79,6.94,183.49,jute
98.43,49.13,38.57,24.14,79.37,7.34,166.24,jute
94.31,43.92,42.59,24.6,77.4,6.65,178.12,jute
87.59,37.58,43.96,23.69,83.0,6.31,170.62,jute
99.84,36.82,41.81,25.93,76.62,6.2,186.9,jute
68.74,37.42,37.56,25.75,76.14,7.49,182.15,jute
95.59,57.33,35.93,25.77,79.18,6.14,162.52,jute
83.93,53.66,44.38,23.72,77.14,6.42,158.35,jute
90.29,53.22,44.26,24.47,84.88,7.19,194.37,jute
64.0,47.59,37.29,24.73,70.0,7.04,196.73,jute
90.13,48.91,36.64,25.22,84.71,6.86,183.36,jute
67.7,55.56,37.34,23.14,72.69,7.24,159.88,jute
71.8,36.53,39.49,24.86,70.47,7.09,186.2,jute
74.67,53.91,42.61,25.5,76.48,7.03,191.68,jute
66.36,44.45,36.71,23.11,72.63,7.26,171.02,jute
63.39,38.94,35.73,24.25,76.52,7.05,158.31,jute
88.55,52.84,43.84,24.59,83.51,6.89,198.09,jute
83.42,43.25,39.53,25.49,78.91,6.99,160.78,jute
77.96,39.3,43.37,24.34,74.74,6.91,196.31,jute
91.93,55.89,36.96,23.89,81.59,6.7,154.55,jute
83.26,54.92,36.27,23.16,81.06,6.8,192.86,jute
82.4,44.87,41.5,25.14,82.25,6.08,158.99,jute
95.03,54.97,37.4,23.15,82.87,6.82,153.71,jute
81.56,37.09,40.25,23.28,73.92,6.82,191.41,jute
61.76,47.26,43.38,23.42,81.85,7.05,154.47,jute
65.91,46.06,39.22,24.9,71.2,7.14,173.04,jute
87.25,59.82,38.38,23.1,70.17,6.04,183.24,jute
60.97,55.24,35.3,23.97,81.36,7.21,179.29,jute
63.31,39.76,44.53,23.29,81.75,6.81,168.58,jute
91.5,53.71,41.05,25.16,84.83,6.47,183.61,jute
91.79,47.6,37.9,23.88,72.39,6.82,157.4,jute
86.73,48.5,37.87,24.57,81.52,6.23,191.22,jute
71.56,50.54,35.42,24.14,70.61,6.65,151.31,jute
83.97,35.07,37.61,23.74,75.18,6.51,168.07,jute
80.64,48.25,39.05,24.69,73.54,6.22,163.47,jute
69.11,43.04,41.61,24.1,82.32,7.18,168.77,jute
61.67,52.86,41.25,23.16,73.12,6.62,192.8,jute
82.33,50.45,42.87,23.05,79.37,6.95,196.93,jute
96.99,39.62,35.65,23.8,70.7,6.18,169.58,jute
93.4,38.11,40.56,24.59,70.07,6.94,162.93,jute
94.28,39.44,44.48,24.5,83.96,6.77,168.9,jute
90.55,48.21,35.64,23.8,72.32,6.1,184.83,jute
104.76,22.38,26.71,25.86,63.39,7.1,145.57,coffee
86.34,21.07,29.2,26.58,57.37,7.09,154.62,coffee
88.55,22.74,32.78,23.41,67.47,7.23,136.87,coffee
119.29,24.75,28.55,26.75,65.15,7.3,118.17,coffee
96.13,20.73,31.76,24.7,63.66,6.44,186.94,coffee
116.46,15.58,25.85,24.89,58.22,6.42,136.8,coffee
103.03,35.37,30.05,27.59,65.44,7.1,142.63,coffee
102.24,27.52,26.78,27.91,56.63,7.46,149.93,coffee
113.27,16.54,31.88,23.19,63.74,6.09,178.97,coffee
89.55,37.91,27.09,26.83,57.1,7.24,134.33,coffee
92.6,32.72,28.95,24.11,52.83,6.15,122.09,coffee
103.99,28.16,32.21,26.94,60.89,6.91,129.9,coffee
103.73,30.77,26.98,24.08,58.1,6.48,131.93,coffee
115.3,36.37,32.23,27.78,68.36,6.92,152.87,coffee
110.34,23.19,28.89,25.31,60.01,6.61,156.44,coffee
114.56,37.3,25.11,23.92,66.41,7.5,117.2,coffee
84.27,34.47,26.12,23.64,61.94,7.39,133.33,coffee
95.09,26.81,32.03,24.32,55.67,7.47,123.98,coffee
108.99,25.39,25.03,26.11,54.27,6.55,174.41,coffee
85.36,16.45,28.11,23.35,52.46,6.79,172.89,coffee
91.47,28.48,27.26,24.99,59.55,7.26,158.99,coffee
110.26,25.18,26.71,26.61,68.83,6.91,152.94,coffee
82.94,26.28,28.35,25.09,51.84,7.4,167.16,coffee
114.29,22.35,30.2,25.04,64.94,7.24,162.29,coffee
111.12,23.44,29.92,24.98,58.71,7.19,118.48,coffee
107.75,17.91,26.29,26.9,50.36,6.06,129.47,coffee
119.61,28.01,27.03,24.95,67.69,6.13,180.34,coffee
81.09,18.85,29.56,24.6,64.9,6.15,128.16,coffee
88.74,37.44,28.56,27.09,60.18,6.28,157.9,coffee
99.42,36.19,29.24,25.81,68.05,6.93,188.79,coffee
113.26,22.26,34.63,23.58,56.08,6.83,174.54,coffee
119.41,34.51,28.43,24.19,67.26,7.37,170.25,coffee
101.14,25.19,27.12,26.23,62.29,6.19,122.69,coffee
94.82,32.28,25.18,27.11,60.15,7.49,158.56,coffee
82.59,22.23,30.74,27.67,64.29,6.68,134.14,coffee
112.29,25.07,30.98,25.86,68.85,6.63,161.84,coffee
112.32,36.74,31.57,27.15,62.83,7.14,170.95,coffee
107.04,34.03,33.54,23.45,60.44,6.22,173.76,coffee
103.17,30.92,30.69,23.73,61.31,6.44,172.92,coffee
115.49,29.24,32.92,27.28,69.07,7.34,123.13,coffee
113.57,35.18,27.23,26.9,65.53,6.64,157.29,coffee
118.43,16.37,31.22,23.11,61.16,6.23,163.02,coffee
98.29,25.44,33.92,26.21,53.48,6.32,157.12,coffee
119.79,20.7,31.07,24.63,63.25,7.36,163.76,coffee
115.94,28.01,31.57,25.81,50.35,7.23,136.35,coffee
80.12,23.62,29.07,26.32,69.63,7.35,157.47,coffee
97.37,15.75,33.05,26.92,58.12,7.14,155.84,coffee
85.86,31.52,25.93,25.75,61.46,6.52,162.28,coffee
116.94,20.42,30.62,27.04,51.97,7.25,181.17,coffee
110.66,35.18,28.14,24.68,68.48,6.18,178.25,coffee
111.09,24.97,26.49,25.94,65.46,7.27,135.39,coffee
115.96,36.37,33.33,23.82,65.05,6.0,165.08,coffee
100.56,30.01,34.07,24.95,69.97,6.18,188.47,coffee
95.49,20.05,25.81,23.97,62.24,7.24,176.75,coffee
81.02,38.63,28.75,23.28,62.97,6.12,162.24,coffee
82.93,33.44,25.54,25.04,53.54,6.94,129.69,coffee
103.3,26.08,29.11,23.72,64.6,6.33,135.99,coffee
80.67,27.38,29.43,24.41,53.25,7.07,148.68,coffee
85.59,25.08,33.63,26.36,61.93,6.52,156.66,coffee
83.68,36.81,32.25,27.13,68.46,7.38,188.65,coffee
102.62,38.31,25.67,26.89,50.45,7.4,165.6,coffee
90.51,39.26,26.98,25.27,51.78,6.2,184.85,coffee
94.32,38.27,27.03,27.58,58.03,6.7,184.54,coffee
98.57,20.12,34.96,27.54,63.56,6.12,127.25,coffee
95.19,20.47,29.22,27.13,69.59,6.48,150.08,coffee
101.84,39.41,28.76,23.95,58.95,7.34,155.89,coffee
92.28,29.81,32.26,23.84,61.58,6.07,179.81,coffee
91.76,16.08,33.17,25.16,55.7,6.08,148.88,coffee
107.28,35.8,28.98,25.67,68.55,7.36,170.57,coffee
99.99,27.83,34.15,23.38,66.68,6.96,180.86,coffee
115.77,29.72,33.27,23.51,53.87,6.78,188.03,coffee
86.86,28.65,32.35,25.46,64.62,6.91,132.54,coffee
97.04,35.66,33.75,25.7,67.53,7.27,128.29,coffee
107.26,22.96,25.29,24.14,65.01,7.44,116.72,coffee
111.42,29.72,32.19,25.14,63.61,7.49,149.02,coffee
108.0,25.07,34.38,24.18,58.1,7.17,125.99,coffee
111.7,24.13,25.02,25.7,51.69,7.26,128.53,coffee
105.17,23.2,26.59,27.96,63.57,6.99,116.11,coffee
93.4,39.72,34.37,26.43,58.1,6.23,120.46,coffee
106.05,38.43,25.73,25.85,56.55,6.6,149.25,coffee
103.77,15.99,30.91,26.86,55.37,6.64,160.67,coffee
91.55,28.67,25.16,23.79,67.84,6.06,139.82,coffee
81.36,30.13,32.3,26.31,60.85,7.46,159.87,coffee
107.66,27.68,27.92,23.65,67.65,6.51,170.16,coffee
100.49,30.74,31.47,24.42,59.04,6.82,149.34,coffee
112.41,37.82,31.95,25.21,57.14,6.27,182.14,coffee
96.07,24.76,26.96,26.85,63.13,6.04,161.17,coffee
91.0,34.51,34.64,23.32,62.56,7.46,152.12,coffee
101.29,24.61,26.5,26.12,68.31,6.76,168.89,coffee
86.16,35.85,28.2,25.88,59.88,7.12,174.29,coffee
101.29,32.04,25.01,26.22,63.65,7.19,142.65,coffee
107.82,37.08,31.64,27.34,65.11,6.59,169.58,coffee
93.28,26.42,25.38,26.37,53.36,7.35,128.19,coffee
109.86,36.31,27.68,23.91,60.47,6.69,144.56,coffee
85.61,35.66,31.11,23.93,54.93,7.43,166.26,coffee
109.57,36.17,32.9,27.15,54.44,7.41,155.96,coffee
116.06,29.31,26.03,25.02,55.21,7.03,183.7,coffee
87.46,34.04,32.22,27.66,53.56,7.42,144.18,coffee
118.75,19.3,34.46,24.11,63.89,6.51,160.6,coffee
107.46,17.56,33.6,27.7,52.12,7.07,142.69,coffee
